-- phpMyAdmin SQL Dump
-- version 5.1.1
-- https://www.phpmyadmin.net/
--
-- Host: 192.168.192.1:33307
-- Generation Time: Feb 20, 2023 at 11:44 AM
-- Server version: 8.0.29
-- PHP Version: 7.4.3

SET SQL_MODE = "NO_AUTO_VALUE_ON_ZERO";
START TRANSACTION;
SET time_zone = "+00:00";
USE inicrown;



INSERT INTO `auth_permission` (`id`, `name`, `content_type_id`, `codename`) VALUES
(1, 'Can add log entry', 1, 'add_logentry'),
(2, 'Can change log entry', 1, 'change_logentry'),
(3, 'Can delete log entry', 1, 'delete_logentry'),
(4, 'Can view log entry', 1, 'view_logentry'),
(5, 'Can add permission', 2, 'add_permission'),
(6, 'Can change permission', 2, 'change_permission'),
(7, 'Can delete permission', 2, 'delete_permission'),
(8, 'Can view permission', 2, 'view_permission'),
(9, 'Can add group', 3, 'add_group'),
(10, 'Can change group', 3, 'change_group'),
(11, 'Can delete group', 3, 'delete_group'),
(12, 'Can view group', 3, 'view_group'),
(13, 'Can add content type', 4, 'add_contenttype'),
(14, 'Can change content type', 4, 'change_contenttype'),
(15, 'Can delete content type', 4, 'delete_contenttype'),
(16, 'Can view content type', 4, 'view_contenttype'),
(17, 'Can add session', 5, 'add_session'),
(18, 'Can change session', 5, 'change_session'),
(19, 'Can delete session', 5, 'delete_session'),
(20, 'Can view session', 5, 'view_session'),
(21, 'Can add company', 6, 'add_company'),
(22, 'Can change company', 6, 'change_company'),
(23, 'Can delete company', 6, 'delete_company'),
(24, 'Can view company', 6, 'view_company'),
(25, 'Can add site', 7, 'add_site'),
(26, 'Can change site', 7, 'change_site'),
(27, 'Can delete site', 7, 'delete_site'),
(28, 'Can view site', 7, 'view_site'),
(29, 'Can add subscription', 8, 'add_subscription'),
(30, 'Can change subscription', 8, 'change_subscription'),
(31, 'Can delete subscription', 8, 'delete_subscription'),
(32, 'Can view subscription', 8, 'view_subscription'),
(33, 'Can add device', 9, 'add_device'),
(34, 'Can change device', 9, 'change_device'),
(35, 'Can delete device', 9, 'delete_device'),
(36, 'Can view device', 9, 'view_device'),
(37, 'Can add user', 10, 'add_user'),
(38, 'Can change user', 10, 'change_user'),
(39, 'Can delete user', 10, 'delete_user'),
(40, 'Can view user', 10, 'view_user'),
(41, 'Can add site permission', 11, 'add_sitepermission'),
(42, 'Can change site permission', 11, 'change_sitepermission'),
(43, 'Can delete site permission', 11, 'delete_sitepermission'),
(44, 'Can view site permission', 11, 'view_sitepermission'),
(45, 'Can add Token', 12, 'add_token'),
(46, 'Can change Token', 12, 'change_token'),
(47, 'Can delete Token', 12, 'delete_token'),
(48, 'Can view Token', 12, 'view_token'),
(49, 'Can add token', 13, 'add_tokenproxy'),
(50, 'Can change token', 13, 'change_tokenproxy'),
(51, 'Can delete token', 13, 'delete_tokenproxy'),
(52, 'Can view token', 13, 'view_tokenproxy'),
(53, 'Can add site copy', 14, 'add_sitecopy'),
(54, 'Can change site copy', 14, 'change_sitecopy'),
(55, 'Can delete site copy', 14, 'delete_sitecopy'),
(56, 'Can view site copy', 14, 'view_sitecopy'),
(57, 'Can add price', 15, 'add_price'),
(58, 'Can change price', 15, 'change_price'),
(59, 'Can delete price', 15, 'delete_price'),
(60, 'Can view price', 15, 'view_price'),
(61, 'Can add order', 16, 'add_order'),
(62, 'Can change order', 16, 'change_order'),
(63, 'Can delete order', 16, 'delete_order'),
(64, 'Can view order', 16, 'view_order'),
(65, 'Can add archive site', 17, 'add_archivesite'),
(66, 'Can change archive site', 17, 'change_archivesite'),
(67, 'Can delete archive site', 17, 'delete_archivesite'),
(68, 'Can view archive site', 17, 'view_archivesite'),
(69, 'Can add archive device', 18, 'add_archivedevice'),
(70, 'Can change archive device', 18, 'change_archivedevice'),
(71, 'Can delete archive device', 18, 'delete_archivedevice'),
(72, 'Can view archive device', 18, 'view_archivedevice'),
(73, 'Can add archive site permission', 19, 'add_archivesitepermission'),
(74, 'Can change archive site permission', 19, 'change_archivesitepermission'),
(75, 'Can delete archive site permission', 19, 'delete_archivesitepermission'),
(76, 'Can view archive site permission', 19, 'view_archivesitepermission');

-- --------------------------------------------------------

--
-- Table structure for table `django_admin_log`
--


-- --------------------------------------------------------

--
-- Table structure for table `django_content_type`
--

--
-- Dumping data for table `django_content_type`
--

INSERT INTO `django_content_type` (`id`, `app_label`, `model`) VALUES
(1, 'admin', 'logentry'),
(3, 'auth', 'group'),
(2, 'auth', 'permission'),
(12, 'authtoken', 'token'),
(13, 'authtoken', 'tokenproxy'),
(4, 'contenttypes', 'contenttype'),
(18, 'iwater', 'archivedevice'),
(17, 'iwater', 'archivesite'),
(19, 'iwater', 'archivesitepermission'),
(6, 'iwater', 'company'),
(9, 'iwater', 'device'),
(16, 'iwater', 'order'),
(15, 'iwater', 'price'),
(7, 'iwater', 'site'),
(14, 'iwater', 'sitecopy'),
(11, 'iwater', 'sitepermission'),
(8, 'iwater', 'subscription'),
(10, 'iwater', 'user'),
(5, 'sessions', 'session');

-- --------------------------------------------------------

--
-- Table structure for table `django_migrations`
--

--
-- Dumping data for table `django_migrations`
--

INSERT INTO `django_migrations` (`id`, `app`, `name`, `applied`) VALUES
(1, 'contenttypes', '0001_initial', '2022-08-19 11:20:52.382217'),
(2, 'contenttypes', '0002_remove_content_type_name', '2022-08-19 11:20:53.949831'),
(3, 'auth', '0001_initial', '2022-08-19 11:20:56.539238'),
(4, 'auth', '0002_alter_permission_name_max_length', '2022-08-19 11:20:57.418771'),
(5, 'auth', '0003_alter_user_email_max_length', '2022-08-19 11:20:57.435329'),
(6, 'auth', '0004_alter_user_username_opts', '2022-08-19 11:20:57.525905'),
(7, 'auth', '0005_alter_user_last_login_null', '2022-08-19 11:20:57.540969'),
(8, 'auth', '0006_require_contenttypes_0002', '2022-08-19 11:20:57.655611'),
(9, 'auth', '0007_alter_validators_add_error_messages', '2022-08-19 11:20:57.751769'),
(10, 'auth', '0008_alter_user_username_max_length', '2022-08-19 11:20:57.846782'),
(11, 'auth', '0009_alter_user_last_name_max_length', '2022-08-19 11:20:57.951704'),
(12, 'auth', '0010_alter_group_name_max_length', '2022-08-19 11:20:58.116051'),
(13, 'auth', '0011_update_proxy_permissions', '2022-08-19 11:20:58.186431'),
(14, 'auth', '0012_alter_user_first_name_max_length', '2022-08-19 11:20:58.300416'),
(15, 'iwater', '0001_initial', '2022-08-19 11:21:08.949076'),
(16, 'admin', '0001_initial', '2022-08-19 11:21:10.451812'),
(17, 'admin', '0002_logentry_remove_auto_add', '2022-08-19 11:21:10.577308'),
(18, 'admin', '0003_logentry_add_action_flag_choices', '2022-08-19 11:21:10.675475'),
(19, 'sessions', '0001_initial', '2022-08-19 11:21:11.192181'),
(20, 'iwater', '0002_user_email_verified', '2022-08-22 05:23:08.273044'),
(21, 'iwater', '0003_alter_company_unique_together', '2022-08-23 06:24:11.101760'),
(22, 'authtoken', '0001_initial', '2022-08-24 09:44:04.971995'),
(23, 'authtoken', '0002_auto_20160226_1747', '2022-08-24 09:44:05.130665'),
(24, 'authtoken', '0003_tokenproxy', '2022-08-24 09:44:05.186993'),
(25, 'iwater', '0004_site_phone_verified_alter_site_site_name', '2022-08-25 08:38:29.951957'),
(26, 'iwater', '0005_alter_device_site', '2022-08-26 10:23:28.414863'),
(27, 'iwater', '0006_site_company', '2022-08-26 10:23:30.068663'),
(28, 'iwater', '0007_site_otp_site_otp_created', '2022-08-31 02:24:24.503944'),
(29, 'iwater', '0008_user_token_user_token_created', '2022-08-31 03:03:12.095925'),
(30, 'iwater', '0009_sitecopy', '2022-08-31 04:43:51.473558'),
(31, 'iwater', '0010_subscription_company', '2022-09-06 05:11:39.618986'),
(32, 'iwater', '0011_alter_subscription_subscription_code', '2022-09-06 07:01:39.787466'),
(33, 'iwater', '0012_subscription_expired', '2022-09-09 07:32:04.439669'),
(34, 'iwater', '0013_price', '2022-09-11 02:42:01.234173'),
(35, 'iwater', '0014_alter_subscription_site', '2022-09-11 03:51:51.462635'),
(36, 'iwater', '0015_alter_subscription_site', '2022-09-11 03:51:51.649795'),
(37, 'iwater', '0016_alter_user_avatar', '2022-09-13 11:11:38.627745'),
(38, 'iwater', '0017_alter_user_phone', '2022-09-22 07:07:21.477612'),
(39, 'iwater', '0018_alter_company_unique_together_company_address1_and_more', '2022-09-22 07:07:29.019630'),
(40, 'iwater', '0019_user_is_super_admin', '2022-09-22 07:07:30.230167'),
(41, 'iwater', '0020_user_invite_link_expired', '2022-09-22 12:46:13.452519'),
(42, 'iwater', '0021_user_added_by', '2022-09-22 17:04:32.335747'),
(43, 'iwater', '0022_alter_site_unique_together_alter_site_table', '2022-09-23 08:05:54.139937'),
(44, 'iwater', '0023_alter_site_phone_alter_site_site_name', '2022-09-23 08:05:56.447488'),
(45, 'iwater', '0024_site_token_verified', '2022-10-03 12:02:15.158348'),
(46, 'iwater', '0025_order', '2022-10-06 09:22:23.944585'),
(47, 'iwater', '0026_remove_order_subscription_id_order_subscription', '2022-10-06 09:22:24.988171'),
(48, 'iwater', '0027_remove_order_subscription_order_paid_on_and_more', '2022-10-06 16:03:47.418228'),
(49, 'iwater', '0028_alter_order_paid_on', '2022-10-06 16:03:48.081084'),
(50, 'iwater', '0029_subscription_order', '2022-10-06 16:32:16.009819'),
(51, 'iwater', '0030_alter_company_unique_together', '2022-10-07 10:23:22.985697'),
(52, 'iwater', '0031_user_otp_user_otp_created_user_phone_verified', '2022-10-13 13:12:14.651090'),
(53, 'iwater', '0032_user_invite_accepted', '2022-10-13 13:12:15.444554'),
(54, 'iwater', '0033_remove_user_invite_accepted_user_invite_rejected', '2022-10-13 14:41:48.692280'),
(55, 'iwater', '0034_alter_user_otp', '2022-10-13 17:21:50.058001'),
(56, 'iwater', '0035_alter_subscription_days_to_expire', '2022-10-14 13:32:17.650285'),
(57, 'iwater', '0036_order_company', '2022-10-14 17:21:37.860726'),
(58, 'iwater', '0037_archivesite_archivedevice', '2022-10-27 07:51:56.303010'),
(59, 'iwater', '0038_archivesitepermission', '2022-10-27 07:51:56.681992'),
(60, 'iwater', '0039_alter_archivedevice_table', '2022-10-27 07:51:56.767139'),
(61, 'iwater', '0040_alter_user_email', '2022-11-02 15:21:10.679859'),
(62, 'iwater', '0041_alter_user_email', '2022-11-02 15:21:11.592821'),
(63, 'iwater', '0042_alter_user_phone', '2022-11-02 15:21:11.830350');

-- --------------------------------------------------------

--
-- Table structure for table `django_session`
--
--
-- Dumping data for table `django_session`
--

INSERT INTO `django_session` (`session_key`, `session_data`, `expire_date`) VALUES
('002b41gfy98q3c6pgils92nh6uzv6hir', '.eJxVjEEOwiAQRe_C2hCYlgAu3XuGZpgZpGogKe3KeHdt0oVu_3vvv9SE21qmrcsyzazOagB1-h0T0kPqTviO9dY0tbouc9K7og_a9bWxPC-H-3dQsJdvPQoE5AiRRm8HAs8AwYnhjJDJu2wiSoQQrQzZMhOHlAzZ0XofXUD1_gAMQjhB:1pRt9P:oha8z74wOq4rMm3OmpFgDexUJxesqaP5XVh6wzAT100', '2023-02-28 16:37:07.271592'),
('00mm9egaivqtr51gzv2gmp1rgiff5tly', '.eJxVjEEOwiAQRe_C2hCYlgAu3XuGZpgZpGogKe3KeHdt0oVu_3vvv9SE21qmrcsyzazOagB1-h0T0kPqTviO9dY0tbouc9K7og_a9bWxPC-H-3dQsJdvPQoE5AiRRm8HAs8AwYnhjJDJu2wiSoQQrQzZMhOHlAzZ0XofXUD1_gAMQjhB:1ouRj5:BdexnbEKqrQN7axWIPDsXNHerLGrwELF7Y2oEoRmEa8', '2022-11-28 10:39:43.065913'),
('03om40c6ymxik5b2r6eej61tmmkl4crj', '.eJxVjEEOgjAQRe_StWksA3Tq0j1nIJ3OjKCmTSisjHdXEha6_e-9_zJj3NZp3Kos48zmYjo0p9-RYnpI3gnfY74Vm0pel5nsrtiDVjsUluf1cP8Oplinb-3QdeiCRweOmVLqNZBPfY8qgo5aAFJqGjg3rJ2qAEUfwAv6oOxb8_4ACH84XQ:1pIXgw:oDiAolVnYoG75bDYLEz5pFONsKwRNljqZqoQhxFgaQo', '2023-02-02 21:53:06.509785'),
('0725zqeo2ppi7mnjk5ru8pju1upm5kss', '.eJxVjEEOwiAQRe_C2hCYlgAu3XuGZpgZpGogKe3KeHdt0oVu_3vvv9SE21qmrcsyzazOagB1-h0T0kPqTviO9dY0tbouc9K7og_a9bWxPC-H-3dQsJdvPQoE5AiRRm8HAs8AwYnhjJDJu2wiSoQQrQzZMhOHlAzZ0XofXUD1_gAMQjhB:1okfi8:qW9F5FN4BxUFPcXysSUvYjD7Rlhsm_8qysQZaThiUN8', '2022-11-01 11:34:20.381154'),
('0ce2t8f84nl89jx5vl96b6mhi74wnvmh', '.eJxVjEEOwiAQRe_C2hCYlgAu3XuGZpgZpGogKe3KeHdt0oVu_3vvv9SE21qmrcsyzazOagB1-h0T0kPqTviO9dY0tbouc9K7og_a9bWxPC-H-3dQsJdvPQoE5AiRRm8HAs8AwYnhjJDJu2wiSoQQrQzZMhOHlAzZ0XofXUD1_gAMQjhB:1ojEme:KKcHOSZA2BIC5CuPh_6cblmZptCPs9mukT_ilwWM5_A', '2022-10-28 12:37:04.945980'),
('0ctcuptdmlzuuoyql3yxsdnj9czt5oeb', '.eJxVjDsOwjAQBe_iGllaJ_hDSc8ZrN31GgeQLcVJFXF3iJQC2jczb1MR16XEtcscp6QuCgZ1-h0J-Sl1J-mB9d40t7rME-ld0Qft-taSvK6H-3dQsJdvHWDMzOglA7KlMWNwgbwDZ9GNPhNlkgSWWZAIwmCNAck2mDOh86DeHz1qOTA:1oRRwA:jxqNzoJFhmrnEYkSCkqsQpJrcfac7GIXjEVlefAnQsA', '2022-09-09 05:31:22.897183'),
('0dktgiz4p731c5ji87c7rcf1yq45gnuj', '.eJxVjDsOwjAQBe_iGllaJ_hDSc8ZrN31GgeQLcVJFXF3iJQC2jczb1MR16XEtcscp6QuCgZ1-h0J-Sl1J-mB9d40t7rME-ld0Qft-taSvK6H-3dQsJdvHWDMzOglA7KlMWNwgbwDZ9GNPhNlkgSWWZAIwmCNAck2mDOh86DeHz1qOTA:1oRB8B:mzqfN__0sqAwoAb1WjOfs_khuzU7AY1o8aQPORvsAZs', '2022-09-08 11:34:39.601121'),
('0dykxygpdqs43ohe8zjj85mby0rvxdco', '.eJxVjDsOwjAQBe_iGllaJ_hDSc8ZrN31GgeQLcVJFXF3iJQC2jczb1MR16XEtcscp6QuCgZ1-h0J-Sl1J-mB9d40t7rME-ld0Qft-taSvK6H-3dQsJdvHWDMzOglA7KlMWNwgbwDZ9GNPhNlkgSWWZAIwmCNAck2mDOh86DeHz1qOTA:1oRRqk:S07GcK9XDReOfTKPBC3HwDGE9dPNSHXwOvCuxd6KuDE', '2022-09-09 05:25:46.086817'),
('0ft8812jvn06xxc0kr5j0a3uvmh2ssic', '.eJxVjEEOgjAQRe_StWksA3Tq0j1nIJ3OjKCmTSisjHdXEha6_e-9_zJj3NZp3Kos48zmYjo0p9-RYnpI3gnfY74Vm0pel5nsrtiDVjsUluf1cP8Oplinb-3QdeiCRweOmVLqNZBPfY8qgo5aAFJqGjg3rJ2qAEUfwAv6oOxb8_4ACH84XQ:1ozv6I:bjXHTxpv2tQLY0_WQqCHWhz8wn92FwueIdTFdlrkDck', '2022-12-13 13:02:18.305824'),
('0kn7riv7pmgotwfik5i8h9kze4x42n6a', '.eJxVjEEOwiAQRe_C2hCYlgAu3XuGZpgZpGogKe3KeHdt0oVu_3vvv9SE21qmrcsyzazOagB1-h0T0kPqTviO9dY0tbouc9K7og_a9bWxPC-H-3dQsJdvPQoE5AiRRm8HAs8AwYnhjJDJu2wiSoQQrQzZMhOHlAzZ0XofXUD1_gAMQjhB:1opme2:mzNfeZ0g-ngNaC8lqkx4pF4Kkt10SaKc9zRLxv9aRXU', '2022-11-15 13:59:14.983827'),
('0lauahjzjm2llh83kg2jqyu1u8p75xtf', '.eJxVjEEOgjAQRe_StWksA3Tq0j1nIJ3OjKCmTSisjHdXEha6_e-9_zJj3NZp3Kos48zmYjo0p9-RYnpI3gnfY74Vm0pel5nsrtiDVjsUluf1cP8Oplinb-3QdeiCRweOmVLqNZBPfY8qgo5aAFJqGjg3rJ2qAEUfwAv6oOxb8_4ACH84XQ:1ojDEa:V3QkXQkVURD0ur_kqGPm1ep3nyNHLV4ATYGo42pogvw', '2022-10-28 10:57:48.165536'),
('0ne76427v1qr6o9oieovj563apth4pug', '.eJxVjEEOwiAQRe_C2hCYlgAu3XuGZpgZpGogKe3KeHdt0oVu_3vvv9SE21qmrcsyzazOagB1-h0T0kPqTviO9dY0tbouc9K7og_a9bWxPC-H-3dQsJdvPQoE5AiRRm8HAs8AwYnhjJDJu2wiSoQQrQzZMhOHlAzZ0XofXUD1_gAMQjhB:1opQYD:1InJg8MQfjneq4ad5Rc51I6y0EoqbB2vuQgFCqsUlUg', '2022-11-14 14:23:45.906595'),
('0ogs929872jurrz0xv8nmvqd69jgzywo', '.eJxVjEEOwiAQRe_C2hCYlgAu3XuGZpgZpGogKe3KeHdt0oVu_3vvv9SE21qmrcsyzazOagB1-h0T0kPqTviO9dY0tbouc9K7og_a9bWxPC-H-3dQsJdvPQoE5AiRRm8HAs8AwYnhjJDJu2wiSoQQrQzZMhOHlAzZ0XofXUD1_gAMQjhB:1ocmS0:E15xKspRU9D4pnsVMQCgmsXQhI-B9CYjosmgIAxQjMc', '2022-10-10 11:39:04.893582'),
('0omba78761o87yrwr86hmpx19uk6rfcj', '.eJxVjEEOwiAQRe_C2hCYlgAu3XuGZpgZpGogKe3KeHdt0oVu_3vvv9SE21qmrcsyzazOagB1-h0T0kPqTviO9dY0tbouc9K7og_a9bWxPC-H-3dQsJdvPQoE5AiRRm8HAs8AwYnhjJDJu2wiSoQQrQzZMhOHlAzZ0XofXUD1_gAMQjhB:1obdic:Ec5jNR_dGrjYpHsIbNUdG7JlZ3cZ_bWR1I_P8ISPrEA', '2022-10-07 08:07:30.034094'),
('0qjsh9qme33owqpt6ywrgd6vm1zn6mxv', '.eJxVjE0OwiAYBe_C2hCgUMCl-56h-f6UqqFJaVfGu2uTLnT7Zua91AjbWsatyTJOrM7KJ3X6HRHoIXUnfId6mzXNdV0m1LuiD9r0MLM8L4f7d1CglW8NJkuOPQcxOVC6IkUhC8liDp5SAg7Gd9FgHx1ylxyjsxw9Ggk-E6n3BxXrOEM:1oYQiz:t-HLlYTqKMlwS27uWMb3O1yipj-3JhWuhoNVAvMH7DM', '2022-09-28 11:38:37.797980'),
('0siz14ee1qs3xwm0nf9xy0xv5f2ymxu0', '.eJxVjMsOwiAQRf-FtSGlM1Bw6d5vaKbMIFUDSR8r478rSRe6veec-1Ij7Vse91WWcWZ1VmDU6XecKD6kNMJ3KreqYy3bMk-6Kfqgq75WluflcP8OMq35W6NAYO8SUxLHHYKVwTo2ggSIYBoCiBZDjwn80PWdUEzBB0zGWFTvDwcPN4k:1oY7rc:ot_tpze6xxyE4QeopyWx_lJzqnnBiGqfwAtBVjz1frg', '2022-09-27 15:30:16.662635'),
('0zst3k3x5874vc6v8iyasrydg97cyfrn', '.eJxVjDsOwjAQBe_iGllaJ_hDSc8ZrN31GgeQLcVJFXF3iJQC2jczb1MR16XEtcscp6QuCgZ1-h0J-Sl1J-mB9d40t7rME-ld0Qft-taSvK6H-3dQsJdvHWDMzOglA7KlMWNwgbwDZ9GNPhNlkgSWWZAIwmCNAck2mDOh86DeHz1qOTA:1oSxHq:Y7-8otorzrwQ_wuVkUVnEn1jKU4BjGZBvMvj99HnQRA', '2022-09-13 09:11:58.198030'),
('163vhg0wuoeqbj6fiyc6uwu3b821k3kk', '.eJxVjDsOwjAQBe_iGllaJ_hDSc8ZrN31GgeQLcVJFXF3iJQC2jczb1MR16XEtcscp6QuCgZ1-h0J-Sl1J-mB9d40t7rME-ld0Qft-taSvK6H-3dQsJdvHWDMzOglA7KlMWNwgbwDZ9GNPhNlkgSWWZAIwmCNAck2mDOh86DeHz1qOTA:1oSzLH:ou8BvG_UWCvmudRZ2RrlEChR_pX61FbdNf7Ya_Tt5uU', '2022-09-13 11:23:39.801215'),
('1n90ioquvqgs3i4z4t1aqdf2viqy90un', '.eJxVjEEOwiAQRe_C2hCYlgAu3XuGZpgZpGogKe3KeHdt0oVu_3vvv9SE21qmrcsyzazOagB1-h0T0kPqTviO9dY0tbouc9K7og_a9bWxPC-H-3dQsJdvPQoE5AiRRm8HAs8AwYnhjJDJu2wiSoQQrQzZMhOHlAzZ0XofXUD1_gAMQjhB:1ofFrl:P23HdQz1NCAl7HVEu1DnVR341HU_f8NG6NQ_0bpvjd8', '2022-10-17 07:27:53.523249'),
('1of6lnsa40sxbisrviv6t53g1x5ecf0z', '.eJxVjEEOwiAQRe_C2hCYlgAu3XuGZpgZpGogKe3KeHdt0oVu_3vvv9SE21qmrcsyzazOagB1-h0T0kPqTviO9dY0tbouc9K7og_a9bWxPC-H-3dQsJdvPQoE5AiRRm8HAs8AwYnhjJDJu2wiSoQQrQzZMhOHlAzZ0XofXUD1_gAMQjhB:1ocmeu:NxxdoKNkxZX-bvLDioQ1nnqxYCWcmzEDlaT7O8D53Cw', '2022-10-10 11:52:24.039889'),
('1pnxt5qjdob641b1t84qwmis0tbft14k', '.eJxVjEEOgjAQRe_StWksA3Tq0j1nIJ3OjKCmTSisjHdXEha6_e-9_zJj3NZp3Kos48zmYjo0p9-RYnpI3gnfY74Vm0pel5nsrtiDVjsUluf1cP8Oplinb-3QdeiCRweOmVLqNZBPfY8qgo5aAFJqGjg3rJ2qAEUfwAv6oOxb8_4ACH84XQ:1ojDVa:EZhqyLkLppCKIOnt52FrId6uCbO2Fa6uQpg2QyV9DH4', '2022-10-28 11:15:22.188105'),
('1t4a53a1qrhugek1dnvadwrodwl5voqf', '.eJxVjEEOwiAQRe_C2hCYlgAu3XuGZpgZpGogKe3KeHdt0oVu_3vvv9SE21qmrcsyzazOagB1-h0T0kPqTviO9dY0tbouc9K7og_a9bWxPC-H-3dQsJdvPQoE5AiRRm8HAs8AwYnhjJDJu2wiSoQQrQzZMhOHlAzZ0XofXUD1_gAMQjhB:1oeF5f:wShmOfCJku8e2EFrPu0h8u71g_ViBTlyoTSnzjxvRR4', '2022-10-14 12:26:03.432541'),
('1ue8vcamnqzmdwlrebvvqxwh3x44wsp1', '.eJxVjEEOwiAQRe_C2hCYlgAu3XuGZpgZpGogKe3KeHdt0oVu_3vvv9SE21qmrcsyzazOagB1-h0T0kPqTviO9dY0tbouc9K7og_a9bWxPC-H-3dQsJdvPQoE5AiRRm8HAs8AwYnhjJDJu2wiSoQQrQzZMhOHlAzZ0XofXUD1_gAMQjhB:1pCg71:DPsVl62Y0npvj5jGetxK_ZbOYUJr0wH_jRPetW9QQQg', '2023-01-17 17:39:47.254140'),
('22oacj0i96st7zdro3cg4k2s71hpzua6', '.eJxVjDsOwjAQBe_iGllaJ_hDSc8ZrN31GgeQLcVJFXF3iJQC2jczb1MR16XEtcscp6QuCgZ1-h0J-Sl1J-mB9d40t7rME-ld0Qft-taSvK6H-3dQsJdvHWDMzOglA7KlMWNwgbwDZ9GNPhNlkgSWWZAIwmCNAck2mDOh86DeHz1qOTA:1oSxqt:CRBt7rDVNj2-CJCWW99JoQOzyF3pJgQgijZjTiF-HO4', '2022-09-13 09:48:11.997728'),
('2a9toobnmxgjpyy5guqa75tu0v2bvhc2', '.eJxVjEEOwiAQRe_C2hCYlgAu3XuGZpgZpGogKe3KeHdt0oVu_3vvv9SE21qmrcsyzazOagB1-h0T0kPqTviO9dY0tbouc9K7og_a9bWxPC-H-3dQsJdvPQoE5AiRRm8HAs8AwYnhjJDJu2wiSoQQrQzZMhOHlAzZ0XofXUD1_gAMQjhB:1oiqhP:JCZOSOmG-17TsLYnf_s0IJpw71-etjefzZu3os6SLHQ', '2022-10-27 10:54:03.168281'),
('2arfsrnl96vo2gip413v0mc59sne62gi', '.eJxVjEEOwiAQRe_C2hCYlgAu3XuGZpgZpGogKe3KeHdt0oVu_3vvv9SE21qmrcsyzazOagB1-h0T0kPqTviO9dY0tbouc9K7og_a9bWxPC-H-3dQsJdvPQoE5AiRRm8HAs8AwYnhjJDJu2wiSoQQrQzZMhOHlAzZ0XofXUD1_gAMQjhB:1pPL2h:ZhqMdS--GA6cvh5FfSdfItQXyOxvoI410W1HM7jXlOY', '2023-02-21 15:47:39.933141'),
('2rdvjs7y0sp9kitp6md6n6ojlirmwgzk', '.eJxVjDsOwjAQBe_iGllaJ_hDSc8ZrN31GgeQLcVJFXF3iJQC2jczb1MR16XEtcscp6QuCgZ1-h0J-Sl1J-mB9d40t7rME-ld0Qft-taSvK6H-3dQsJdvHWDMzOglA7KlMWNwgbwDZ9GNPhNlkgSWWZAIwmCNAck2mDOh86DeHz1qOTA:1oT0Eo:7auR2_knIxgKGJjkMwJnfQleueZQWDfQiNEw0FBjgHo', '2022-09-13 12:21:02.806367'),
('2tzdhvrgql69opirzkmc69pgbdxl1b5n', '.eJxVjEEOwiAQRe_C2hCYlgAu3XuGZpgZpGogKe3KeHdt0oVu_3vvv9SE21qmrcsyzazOagB1-h0T0kPqTviO9dY0tbouc9K7og_a9bWxPC-H-3dQsJdvPQoE5AiRRm8HAs8AwYnhjJDJu2wiSoQQrQzZMhOHlAzZ0XofXUD1_gAMQjhB:1ouWdL:AoylSZ-X1jwvv6OTN2K0LKB1FNopaw76BzDnakdsZdc', '2022-11-28 15:54:07.664627'),
('2vyaoei25ydy9jlxkpyuigpi919m93v3', '.eJxVjDsOwjAQBe_iGllaJ_hDSc8ZrN31GgeQLcVJFXF3iJQC2jczb1MR16XEtcscp6QuCgZ1-h0J-Sl1J-mB9d40t7rME-ld0Qft-taSvK6H-3dQsJdvHWDMzOglA7KlMWNwgbwDZ9GNPhNlkgSWWZAIwmCNAck2mDOh86DeHz1qOTA:1oRRvS:Rpa_ciObMzflon5HRaCM9xIZoZ2NzYAs8NzHe37IPIQ', '2022-09-09 05:30:38.958120'),
('30fxi9iz1kp6oyesefdzr9kdkw6hiai1', '.eJxVjDsOwjAQBe_iGllaJ_hDSc8ZrN31GgeQLcVJFXF3iJQC2jczb1MR16XEtcscp6QuCgZ1-h0J-Sl1J-mB9d40t7rME-ld0Qft-taSvK6H-3dQsJdvHWDMzOglA7KlMWNwgbwDZ9GNPhNlkgSWWZAIwmCNAck2mDOh86DeHz1qOTA:1oRRZM:YzFqOoSzqO5uVOGAteHuarr4_Es5FaRMQMpQO5gGiX4', '2022-09-09 05:07:48.236366'),
('31putnywbg88u1nqo0e6afel8fq39ilf', '.eJxVjEEOwiAQRe_C2hCYlgAu3XuGZpgZpGogKe3KeHdt0oVu_3vvv9SE21qmrcsyzazOagB1-h0T0kPqTviO9dY0tbouc9K7og_a9bWxPC-H-3dQsJdvPQoE5AiRRm8HAs8AwYnhjJDJu2wiSoQQrQzZMhOHlAzZ0XofXUD1_gAMQjhB:1okjzd:DGTFzM9gLmmTl2-0GzfijqnS-iSp_Ck52z48TlX6vU4', '2022-11-01 16:08:41.540001'),
('35awzlbjmy159r95jv8o35sdreheihvp', '.eJxVjEEOwiAQRe_C2hCYlgAu3XuGZpgZpGogKe3KeHdt0oVu_3vvv9SE21qmrcsyzazOagB1-h0T0kPqTviO9dY0tbouc9K7og_a9bWxPC-H-3dQsJdvPQoE5AiRRm8HAs8AwYnhjJDJu2wiSoQQrQzZMhOHlAzZ0XofXUD1_gAMQjhB:1pE8o0:2k3DqQVK1kJ59-DddbsxfXdE2sk6PoAz1fneJLPpsu0', '2023-01-21 18:30:12.359214'),
('36fcfm4xm5uebmn8prw307n4nb9e93uc', '.eJxVjEEOwiAQRe_C2hCYlgAu3XuGZpgZpGogKe3KeHdt0oVu_3vvv9SE21qmrcsyzazOagB1-h0T0kPqTviO9dY0tbouc9K7og_a9bWxPC-H-3dQsJdvPQoE5AiRRm8HAs8AwYnhjJDJu2wiSoQQrQzZMhOHlAzZ0XofXUD1_gAMQjhB:1ockVH:aG6VeHhfJ07VCZM3jb0r2aiYpuqS-4NATpq5r3gnzYQ', '2022-10-10 09:34:19.274767'),
('3f1n1nmvmbguatz0xbu5eqam71x4efgi', '.eJxVjEEOwiAQRe_C2hCYlgAu3XuGZpgZpGogKe3KeHdt0oVu_3vvv9SE21qmrcsyzazOagB1-h0T0kPqTviO9dY0tbouc9K7og_a9bWxPC-H-3dQsJdvPQoE5AiRRm8HAs8AwYnhjJDJu2wiSoQQrQzZMhOHlAzZ0XofXUD1_gAMQjhB:1okHbG:rNbaGBM6W4lXBU18lJO_RdI0X4rzROJeoYBwXcSRxZ8', '2022-10-31 09:49:38.961772'),
('3ghwpzhp3d55tf4ki7jfa5g7vxsbwurl', '.eJxVjEEOwiAQRe_C2hCYlgAu3XuGZpgZpGogKe3KeHdt0oVu_3vvv9SE21qmrcsyzazOagB1-h0T0kPqTviO9dY0tbouc9K7og_a9bWxPC-H-3dQsJdvPQoE5AiRRm8HAs8AwYnhjJDJu2wiSoQQrQzZMhOHlAzZ0XofXUD1_gAMQjhB:1oiFlN:VtPIxzzDxuqdLTqRAk_b4DW-B06L8yywaNy2OWY9kEI', '2022-10-25 19:27:41.696120'),
('3ixrpqqt5paa8yq3fqy6sisycw4lc0su', '.eJxVjEEOwiAQRe_C2hCYlgAu3XuGZpgZpGogKe3KeHdt0oVu_3vvv9SE21qmrcsyzazOagB1-h0T0kPqTviO9dY0tbouc9K7og_a9bWxPC-H-3dQsJdvPQoE5AiRRm8HAs8AwYnhjJDJu2wiSoQQrQzZMhOHlAzZ0XofXUD1_gAMQjhB:1odlsA:9RF-oBQH_dVSgc857pvrG3AeqgS6-OZcHQW1rf1EoHM', '2022-10-13 05:14:10.722865'),
('3pjfdc7byp2tlbu2kevsupxp0cq2lzrf', '.eJxVjEsOAiEQBe_C2hBomgZdup8zED6NjJohmc_KeHedZBa6fVX1XiLEbW1hW3gOYxEX4UicfscU84OnnZR7nG5d5j6t85jkrsiDLnLohZ_Xw_07aHFp3zoRcc6oMKqobEqF8eys9onRANuqSddaEZwBD54AQTMhIXivijNevD8KUTce:1opNO5:rtzA597GuEhN5kgfHxOV9rw5TmToC3yGXHjWSKV13yg', '2022-11-14 11:01:05.400072'),
('3suae4a77u50c3vujho5bb58gh11ti03', '.eJxVjDsOwjAQBe_iGllaJ_hDSc8ZrN31GgeQLcVJFXF3iJQC2jczb1MR16XEtcscp6QuCgZ1-h0J-Sl1J-mB9d40t7rME-ld0Qft-taSvK6H-3dQsJdvHWDMzOglA7KlMWNwgbwDZ9GNPhNlkgSWWZAIwmCNAck2mDOh86DeHz1qOTA:1oRRXH:0i4joL0NuMEd4OUn7dL8mCnLS2tJxzhtfdt6pOPVfLc', '2022-09-09 05:05:39.806376'),
('3thlmixcd3618xol6ttpdadkbuktxqph', '.eJxVjEEOwiAQRe_C2hCYlgAu3XuGZpgZpGogKe3KeHdt0oVu_3vvv9SE21qmrcsyzazOagB1-h0T0kPqTviO9dY0tbouc9K7og_a9bWxPC-H-3dQsJdvPQoE5AiRRm8HAs8AwYnhjJDJu2wiSoQQrQzZMhOHlAzZ0XofXUD1_gAMQjhB:1odPab:mk0Bn_90kDw5TOQ8Tf_egP9_IwpTFYJKQnSFJBupRig', '2022-10-12 05:26:33.250234'),
('3utilj1lchuyp0scmcsgxbi3b2t3rj1k', '.eJxVjEEOwiAQRe_C2hCYlgAu3XuGZpgZpGogKe3KeHdt0oVu_3vvv9SE21qmrcsyzazOagB1-h0T0kPqTviO9dY0tbouc9K7og_a9bWxPC-H-3dQsJdvPQoE5AiRRm8HAs8AwYnhjJDJu2wiSoQQrQzZMhOHlAzZ0XofXUD1_gAMQjhB:1pCg8A:PaPV5zZ9bxKCe9yS6EF2sUje9OLRNAEYm3qzCOfmErE', '2023-01-17 17:40:58.741401'),
('3vx7r34q328jwmif36glvsbn36bxpn6v', '.eJxVjEEOwiAQRe_C2hCYlgAu3XuGZpgZpGogKe3KeHdt0oVu_3vvv9SE21qmrcsyzazOagB1-h0T0kPqTviO9dY0tbouc9K7og_a9bWxPC-H-3dQsJdvPQoE5AiRRm8HAs8AwYnhjJDJu2wiSoQQrQzZMhOHlAzZ0XofXUD1_gAMQjhB:1olipZ:PHUL97wr3AYGVHRbYmE7Io6YHW0i7GAbEGRn2RQURTw', '2022-11-04 09:06:21.708203'),
('470gsfvkb1ued340hgkmhar6m24lz9aj', '.eJxVjEEOwiAQRe_C2hCYlgAu3XuGZpgZpGogKe3KeHdt0oVu_3vvv9SE21qmrcsyzazOagB1-h0T0kPqTviO9dY0tbouc9K7og_a9bWxPC-H-3dQsJdvPQoE5AiRRm8HAs8AwYnhjJDJu2wiSoQQrQzZMhOHlAzZ0XofXUD1_gAMQjhB:1oTzYC:A9r-LL9eaAf4UCs-rOC4GI4BoaEn68Ne7sk_IL7HcPI', '2022-09-16 05:49:08.852760'),
('4aa94z3hovsssav9e69m93olefepqltf', '.eJxVjEEOwiAQRe_C2hCYlgAu3XuGZpgZpGogKe3KeHdt0oVu_3vvv9SE21qmrcsyzazOagB1-h0T0kPqTviO9dY0tbouc9K7og_a9bWxPC-H-3dQsJdvPQoE5AiRRm8HAs8AwYnhjJDJu2wiSoQQrQzZMhOHlAzZ0XofXUD1_gAMQjhB:1oto6E:lZbIii0-rnN0RIADJZlWWlhPEWjZLtfhHFvUJ-gO1JE', '2022-11-26 16:20:58.530738'),
('4agracfl10bpyd0m475mzke3iul510g8', '.eJxVjEEOwiAQRe_C2hCYlgAu3XuGZpgZpGogKe3KeHdt0oVu_3vvv9SE21qmrcsyzazOagB1-h0T0kPqTviO9dY0tbouc9K7og_a9bWxPC-H-3dQsJdvPQoE5AiRRm8HAs8AwYnhjJDJu2wiSoQQrQzZMhOHlAzZ0XofXUD1_gAMQjhB:1ojgki:LdYcnoNAyVmxE8XXYz1DjJEOiM6J4R-Qp4vLJiFqh1U', '2022-10-29 18:28:56.055857'),
('4dzgah8leoqizdv7zzsokt3o7qp6g6gx', '.eJxVjDsOwjAQBe_iGllaJ_hDSc8ZrN31GgeQLcVJFXF3iJQC2jczb1MR16XEtcscp6QuCgZ1-h0J-Sl1J-mB9d40t7rME-ld0Qft-taSvK6H-3dQsJdvHWDMzOglA7KlMWNwgbwDZ9GNPhNlkgSWWZAIwmCNAck2mDOh86DeHz1qOTA:1oRSSt:mZGQ6ePPkyGf3oJdLMn1QhXIlBE9L08lANKN4XOASIM', '2022-09-09 06:05:11.185540'),
('4eh991s1utpcptdz0tbip2eowuo567lg', '.eJxVjDsOwjAQBe_iGllaJ_hDSc8ZrN31GgeQLcVJFXF3iJQC2jczb1MR16XEtcscp6QuCgZ1-h0J-Sl1J-mB9d40t7rME-ld0Qft-taSvK6H-3dQsJdvHWDMzOglA7KlMWNwgbwDZ9GNPhNlkgSWWZAIwmCNAck2mDOh86DeHz1qOTA:1oSyaX:yje2WMZC7vobBcQ8kxsWzlpfQeWHjzh9TDFhp9HRwJ4', '2022-09-13 10:35:21.995852'),
('4f5l9qmoe2t5lcv0zhxbxzl15dai5wcf', '.eJxVjMsOwiAQRf-FtSHCUB4u3fcbyMAMUjU0Ke3K-O_apAvd3nPOfYmI21rj1nmJE4mLACtOv2PC_OC2E7pju80yz21dpiR3RR60y3Emfl4P9--gYq_fOqPxNJSQiR04B5aJwZIibxWEUJI1rgQDoP05oTPFa0oUBs1gCmYl3h8ZUDhZ:1obFwI:WPhennm39Od4hgcf0OFmb57bPEpfKuBBZwOOsnKV9UA', '2022-10-06 06:44:02.492827'),
('4ftxhq3qrn3mouyk19nlof68uj6ap0fv', '.eJxVjEEOwiAQRe_C2hCYlgAu3XuGZpgZpGogKe3KeHdt0oVu_3vvv9SE21qmrcsyzazOagB1-h0T0kPqTviO9dY0tbouc9K7og_a9bWxPC-H-3dQsJdvPQoE5AiRRm8HAs8AwYnhjJDJu2wiSoQQrQzZMhOHlAzZ0XofXUD1_gAMQjhB:1oVrmD:DN3tZMVgqz5n6DkkSEuSEWkLbQC0VnnaKd2ZTMpGu2I', '2022-09-21 09:55:21.040794'),
('4hpmsdunf4hwaush845xkmn67y4eup6h', '.eJxVjEEOwiAQRe_C2hCYlgAu3XuGZpgZpGogKe3KeHdt0oVu_3vvv9SE21qmrcsyzazOagB1-h0T0kPqTviO9dY0tbouc9K7og_a9bWxPC-H-3dQsJdvPQoE5AiRRm8HAs8AwYnhjJDJu2wiSoQQrQzZMhOHlAzZ0XofXUD1_gAMQjhB:1ockrQ:UZBtOVxOWxFODg1P1LZXMTnoj-VXlT47CxQqnf3w7Jo', '2022-10-10 09:57:12.037875'),
('4hvz80ndzdotu0nav9f8gpj9sf8l9gjd', '.eJxVjEEOwiAQRe_C2hCYlgAu3XuGZpgZpGogKe3KeHdt0oVu_3vvv9SE21qmrcsyzazOagB1-h0T0kPqTviO9dY0tbouc9K7og_a9bWxPC-H-3dQsJdvPQoE5AiRRm8HAs8AwYnhjJDJu2wiSoQQrQzZMhOHlAzZ0XofXUD1_gAMQjhB:1od6wn:2wWNZc509Cmqqu-crMKy4jNLqSKePACf2lR23_MA0wY', '2022-10-11 09:32:13.622309'),
('4ptc4jmgp7xzhgndtoayzi7u10jb4j8e', '.eJxVjEEOwiAQRe_C2hCYlgAu3XuGZpgZpGogKe3KeHdt0oVu_3vvv9SE21qmrcsyzazOagB1-h0T0kPqTviO9dY0tbouc9K7og_a9bWxPC-H-3dQsJdvPQoE5AiRRm8HAs8AwYnhjJDJu2wiSoQQrQzZMhOHlAzZ0XofXUD1_gAMQjhB:1okezi:35EHG6eGlxnZ3zxoDWIBSj0sysnGLUX7N_ewOsku65U', '2022-11-01 10:48:26.747072'),
('4r2altr81duqerbt5vywkdj4shaprz38', '.eJxVjEEOwiAQRe_C2hCYlgAu3XuGZpgZpGogKe3KeHdt0oVu_3vvv9SE21qmrcsyzazOagB1-h0T0kPqTviO9dY0tbouc9K7og_a9bWxPC-H-3dQsJdvPQoE5AiRRm8HAs8AwYnhjJDJu2wiSoQQrQzZMhOHlAzZ0XofXUD1_gAMQjhB:1ocmAJ:ltSaa47Pdw0IUJvTiyIQ91Z5cydSU8YOsekjiwwfQj4', '2022-10-10 11:20:47.809045'),
('52fkti64f9izem0cg84a95hb0dohzvw4', '.eJxVjEEOwiAQRe_C2hCYlgAu3XuGZpgZpGogKe3KeHdt0oVu_3vvv9SE21qmrcsyzazOagB1-h0T0kPqTviO9dY0tbouc9K7og_a9bWxPC-H-3dQsJdvPQoE5AiRRm8HAs8AwYnhjJDJu2wiSoQQrQzZMhOHlAzZ0XofXUD1_gAMQjhB:1odVjv:uZncE66mDbWNletsSpIcJcgzoUBhp880T6Ix7Twjw7I', '2022-10-12 12:00:35.584625'),
('59fqz72wvgdzazfsfuqed5a0dsu43sj4', '.eJxVjMsOgyAQRf-FdUNAedll934DmYGh2DaQiK6a_ruauLDbe865X-ZhXbJfG81-iuzOBsFu1xEhvKkcJL6gPCsPtSzzhPxQ-EkbH2ukz-N0_w4ytLzXaGJSllwUqkerEdBRkBoMup7AahPMgCR2DloGsEZIlToAREyuS4L9Ni4HORc:1orv5N:ouvcp4_SYzKCqTzWJVXPfiNdRzca1ar_7kbhQrEIAmE', '2022-11-21 11:24:17.528210'),
('5deo5b4bpe1ej8lrau9e1tdd2big3dlx', '.eJxVjEEOwiAQRe_C2hCYlgAu3XuGZpgZpGogKe3KeHdt0oVu_3vvv9SE21qmrcsyzazOagB1-h0T0kPqTviO9dY0tbouc9K7og_a9bWxPC-H-3dQsJdvPQoE5AiRRm8HAs8AwYnhjJDJu2wiSoQQrQzZMhOHlAzZ0XofXUD1_gAMQjhB:1offZR:S2ZaCSDphFnB0SyHU5huG82ZH26-64ZL0S2Cz-2QkrU', '2022-10-18 10:54:41.152720'),
('5fkjmi5zhphjytwzjf7q5m3d0n65fcum', '.eJxVjEEOwiAQRe_C2hCYlgAu3XuGZpgZpGogKe3KeHdt0oVu_3vvv9SE21qmrcsyzazOagB1-h0T0kPqTviO9dY0tbouc9K7og_a9bWxPC-H-3dQsJdvPQoE5AiRRm8HAs8AwYnhjJDJu2wiSoQQrQzZMhOHlAzZ0XofXUD1_gAMQjhB:1op8id:5IgK4wo4U-Xachn8xqYYXlMV_vTy3RQQqXTRKz51z_o', '2022-11-13 19:21:19.958754'),
('5i3itxkbe7uklr32pzy0a4jkk15zcqhm', '.eJxVjDsOwjAQBe_iGllaJ_hDSc8ZrN31GgeQLcVJFXF3iJQC2jczb1MR16XEtcscp6QuCgZ1-h0J-Sl1J-mB9d40t7rME-ld0Qft-taSvK6H-3dQsJdvHWDMzOglA7KlMWNwgbwDZ9GNPhNlkgSWWZAIwmCNAck2mDOh86DeHz1qOTA:1oQpX5:ZREAKg3a2tQNKeQZUDNwvXCApKQKjrRmZxoTjh1swMU', '2022-09-07 12:30:55.977999'),
('5i5ai1n7rmwin61f5ph7ft0iok67ihc6', '.eJxVjEEOwiAQRe_C2hCYlgAu3XuGZpgZpGogKe3KeHdt0oVu_3vvv9SE21qmrcsyzazOagB1-h0T0kPqTviO9dY0tbouc9K7og_a9bWxPC-H-3dQsJdvPQoE5AiRRm8HAs8AwYnhjJDJu2wiSoQQrQzZMhOHlAzZ0XofXUD1_gAMQjhB:1odlZV:LDdsKMYG0bv1VaQg8SIAFWRT0HRRFftCjEUu06vUH9M', '2022-10-13 04:54:53.930358'),
('5ronfk9jk1dtchak1pnzp90unqeg3ze9', '.eJxVjEEOwiAQRe_C2hCYlgAu3XuGZpgZpGogKe3KeHdt0oVu_3vvv9SE21qmrcsyzazOagB1-h0T0kPqTviO9dY0tbouc9K7og_a9bWxPC-H-3dQsJdvPQoE5AiRRm8HAs8AwYnhjJDJu2wiSoQQrQzZMhOHlAzZ0XofXUD1_gAMQjhB:1oiq9D:kiIv89UeaY4PQDIX1363gzmVx8tK0ouCswJTYOq-lrM', '2022-10-27 10:18:43.299197'),
('5s42l6w9fxsbgpqsksx3hxgdfyqtvahp', '.eJxVjEEOwiAQRe_C2hCYlgAu3XuGZpgZpGogKe3KeHdt0oVu_3vvv9SE21qmrcsyzazOagB1-h0T0kPqTviO9dY0tbouc9K7og_a9bWxPC-H-3dQsJdvPQoE5AiRRm8HAs8AwYnhjJDJu2wiSoQQrQzZMhOHlAzZ0XofXUD1_gAMQjhB:1ohoZG:nZH6LDLSGPsmUP_n1ymzBHG2FVtMBUj9WPFzXw2EzJ0', '2022-10-24 14:25:22.678802'),
('5sru4nfpwsx06jlrx7eknn35f5sqibb3', '.eJxVjDsOwjAQBe_iGllaJ_hDSc8ZrN31GgeQLcVJFXF3iJQC2jczb1MR16XEtcscp6QuCgZ1-h0J-Sl1J-mB9d40t7rME-ld0Qft-taSvK6H-3dQsJdvHWDMzOglA7KlMWNwgbwDZ9GNPhNlkgSWWZAIwmCNAck2mDOh86DeHz1qOTA:1oRV9F:fUROEZFH0-RewMICQv1OFauBC-HisN_-XZl8UIMNFKg', '2022-09-09 08:57:05.599295'),
('5tr4owto8avotj50pt2xh6as72n07bnp', '.eJxVjEEOwiAQRe_C2hCYlgAu3XuGZpgZpGogKe3KeHdt0oVu_3vvv9SE21qmrcsyzazOagB1-h0T0kPqTviO9dY0tbouc9K7og_a9bWxPC-H-3dQsJdvPQoE5AiRRm8HAs8AwYnhjJDJu2wiSoQQrQzZMhOHlAzZ0XofXUD1_gAMQjhB:1oeBo3:oa1toXfZ1iITqOQ4j75QNaUYHgg67OoKaEV1uxA0FZw', '2022-10-14 08:55:39.301396'),
('5yfzuudm195vxkll413ekxquyr8xtbd6', '.eJxVjEEOwiAQRe_C2hCYlgAu3XuGZpgZpGogKe3KeHdt0oVu_3vvv9SE21qmrcsyzazOagB1-h0T0kPqTviO9dY0tbouc9K7og_a9bWxPC-H-3dQsJdvPQoE5AiRRm8HAs8AwYnhjJDJu2wiSoQQrQzZMhOHlAzZ0XofXUD1_gAMQjhB:1pOxgS:fHo4tyCBJKPHnqaxamC2qcR771ZCZra8BKnSehOnfwY', '2023-02-20 14:51:08.729506'),
('5yqnbi11fyv56643nb6ttx3ta1b0ueci', '.eJxVjEEOwiAQRe_C2hCYlgAu3XuGZpgZpGogKe3KeHdt0oVu_3vvv9SE21qmrcsyzazOagB1-h0T0kPqTviO9dY0tbouc9K7og_a9bWxPC-H-3dQsJdvPQoE5AiRRm8HAs8AwYnhjJDJu2wiSoQQrQzZMhOHlAzZ0XofXUD1_gAMQjhB:1ocjtQ:_wDYq4qwH9e2Cbjc282IicIg2ecTx9W9y82os52fJGc', '2022-10-10 08:55:12.731646'),
('68vs48m1l857hrumi4dr8ygr1doehs4d', '.eJxVjEEOwiAQRe_C2hCYlgAu3XuGZpgZpGogKe3KeHdt0oVu_3vvv9SE21qmrcsyzazOagB1-h0T0kPqTviO9dY0tbouc9K7og_a9bWxPC-H-3dQsJdvPQoE5AiRRm8HAs8AwYnhjJDJu2wiSoQQrQzZMhOHlAzZ0XofXUD1_gAMQjhB:1oibA9:4ONZFibj6AY3j2Nj6yFHc0SQD2gkJhwOCqn_J8vN2sc', '2022-10-26 18:18:41.188767'),
('693b7ha9i0w8k45ge1peuhm7uqqt462p', '.eJxVjEEOwiAQRe_C2hCYlgAu3XuGZpgZpGogKe3KeHdt0oVu_3vvv9SE21qmrcsyzazOagB1-h0T0kPqTviO9dY0tbouc9K7og_a9bWxPC-H-3dQsJdvPQoE5AiRRm8HAs8AwYnhjJDJu2wiSoQQrQzZMhOHlAzZ0XofXUD1_gAMQjhB:1oeCcX:vkcqI-jF_1bXjl51tA__FDmyWY3y9RGv__AlaFJYD4s', '2022-10-14 09:47:49.174779'),
('6ait1ozli1hgo22wnncfvrllthz7h76g', '.eJxVjEEOgjAQRe_StWksA3Tq0j1nIJ3OjKCmTSisjHdXEha6_e-9_zJj3NZp3Kos48zmYjo0p9-RYnpI3gnfY74Vm0pel5nsrtiDVjsUluf1cP8Oplinb-3QdeiCRweOmVLqNZBPfY8qgo5aAFJqGjg3rJ2qAEUfwAv6oOxb8_4ACH84XQ:1ojDSf:z7J3bg1GOaBRhAcvS540u1VNQg_gQvHleZcH5hUBgLI', '2022-10-28 11:12:21.807742'),
('6is1llhm3g8bm2rj522ibhin1451ojiw', '.eJxVjEEOwiAQRe_C2hCYlgAu3XuGZpgZpGogKe3KeHdt0oVu_3vvv9SE21qmrcsyzazOagB1-h0T0kPqTviO9dY0tbouc9K7og_a9bWxPC-H-3dQsJdvPQoE5AiRRm8HAs8AwYnhjJDJu2wiSoQQrQzZMhOHlAzZ0XofXUD1_gAMQjhB:1okeEX:AWPPxUFKbC4HTwfRyOqpTl3d5nDRf7_9q10wqUkZumc', '2022-11-01 09:59:41.961074'),
('6m68dfdobkdw3sbiqsfhm06se4dy07nh', '.eJxVjDsOwjAQBe_iGllaJ_hDSc8ZrN31GgeQLcVJFXF3iJQC2jczb1MR16XEtcscp6QuCgZ1-h0J-Sl1J-mB9d40t7rME-ld0Qft-taSvK6H-3dQsJdvHWDMzOglA7KlMWNwgbwDZ9GNPhNlkgSWWZAIwmCNAck2mDOh86DeHz1qOTA:1oSxb5:ec4MkzlrE_hZwfCKXTm7df_m5U49vBLcpmKLjC_XOaY', '2022-09-13 09:31:51.784465'),
('6uhixopeu6w1yliy699b3i1gd9y1151y', '.eJxVjEEOwiAQRe_C2hCYlgAu3XuGZpgZpGogKe3KeHdt0oVu_3vvv9SE21qmrcsyzazOagB1-h0T0kPqTviO9dY0tbouc9K7og_a9bWxPC-H-3dQsJdvPQoE5AiRRm8HAs8AwYnhjJDJu2wiSoQQrQzZMhOHlAzZ0XofXUD1_gAMQjhB:1p8JVD:ZX0n-rP_zSNouxMxy3HLD33AKvmOAZ4rZU7XWVtJ3HM', '2023-01-05 16:42:43.782707'),
('6v5t2qu8951ruc2il6crtqptyez3bq40', '.eJxVjEEOwiAQRe_C2hCYlgAu3XuGZpgZpGogKe3KeHdt0oVu_3vvv9SE21qmrcsyzazOagB1-h0T0kPqTviO9dY0tbouc9K7og_a9bWxPC-H-3dQsJdvPQoE5AiRRm8HAs8AwYnhjJDJu2wiSoQQrQzZMhOHlAzZ0XofXUD1_gAMQjhB:1oxKYy:RDb_RkTCCNH9BtoG4dIMsl7letyRRB71TTQJx8Si83A', '2022-12-06 09:37:12.310363'),
('70mzycuiqpshuss18u6muucsenqdknwa', '.eJxVjEEOgjAQRe_StWksA3Tq0j1nIJ3OjKCmTSisjHdXEha6_e-9_zJj3NZp3Kos48zmYjo0p9-RYnpI3gnfY74Vm0pel5nsrtiDVjsUluf1cP8Oplinb-3QdeiCRweOmVLqNZBPfY8qgo5aAFJqGjg3rJ2qAEUfwAv6oOxb8_4ACH84XQ:1pFVAX:-NkpeAmwfCHMKXZQ34CL-BOJ4P1SMP837GUmIURIZVk', '2023-01-25 12:35:05.220885'),
('74rg1t499eq0z605663dvold7nl8fbmi', '.eJxVjEEOwiAQRe_C2hCYlgAu3XuGZpgZpGogKe3KeHdt0oVu_3vvv9SE21qmrcsyzazOagB1-h0T0kPqTviO9dY0tbouc9K7og_a9bWxPC-H-3dQsJdvPQoE5AiRRm8HAs8AwYnhjJDJu2wiSoQQrQzZMhOHlAzZ0XofXUD1_gAMQjhB:1ouYKj:3mlaGCwScTDRtkC1_JDZSbONI3Cm1ni-PRiEtH34WbY', '2022-11-28 17:43:01.129767'),
('7m88t0jp8nns5kw5skp3z72i3et3got9', '.eJxVjEEOwiAQRe_C2hCYlgAu3XuGZpgZpGogKe3KeHdt0oVu_3vvv9SE21qmrcsyzazOagB1-h0T0kPqTviO9dY0tbouc9K7og_a9bWxPC-H-3dQsJdvPQoE5AiRRm8HAs8AwYnhjJDJu2wiSoQQrQzZMhOHlAzZ0XofXUD1_gAMQjhB:1otolx:dTVmqhCFhpCVHVWMDLXnTMIUGzJiJAHmSpM1bda1xco', '2022-11-26 17:04:05.230035'),
('7mv3279lzzw2w8hsynt0ve9uidw8c376', '.eJxVjMsOgyAQRf-FdUNAedll934DmYGh2DaQiK6a_ruauLDbe865X-ZhXbJfG81-iuzO3MBu1xEhvKkcJL6gPCsPtSzzhPxQ-EkbH2ukz-N0_w4ytLzXaGJSllwUqkerEdBRkBoMup7AahPMgCR2DloGsEZIlToAREyuS4L9NjLOOR8:1oru8v:ON63-c9baB_t4jqJWKJlJVBwQaAJHZf3iJvnJFI0HGI', '2022-11-21 10:23:53.128448'),
('7pfey2ee6ec3mb9fewt0kpuhcdte9qro', '.eJxVjDsOwjAQBe_iGllaJ_hDSc8ZrN31GgeQLcVJFXF3iJQC2jczb1MR16XEtcscp6QuCgZ1-h0J-Sl1J-mB9d40t7rME-ld0Qft-taSvK6H-3dQsJdvHWDMzOglA7KlMWNwgbwDZ9GNPhNlkgSWWZAIwmCNAck2mDOh86DeHz1qOTA:1oRRpZ:M4Of6vdsE9CKqxq43jUh2lfNqYTb3hLn-hKFXjF-XoQ', '2022-09-09 05:24:33.305449'),
('7pm2v2fudrhip464q64ghr94r3vferzt', '.eJxVjEEOwiAQRe_C2hCYlgAu3XuGZpgZpGogKe3KeHdt0oVu_3vvv9SE21qmrcsyzazOagB1-h0T0kPqTviO9dY0tbouc9K7og_a9bWxPC-H-3dQsJdvPQoE5AiRRm8HAs8AwYnhjJDJu2wiSoQQrQzZMhOHlAzZ0XofXUD1_gAMQjhB:1od4uR:0u9JTRTLEe8u83L5IUmYMFOg1l3z0L3muzZtxQl7mAg', '2022-10-11 07:21:39.081036'),
('7rwr6mq67kogdzfyqi59y4ckbzxrmgfm', '.eJxVjDsOwjAQBe_iGllaJ_hDSc8ZrN31GgeQLcVJFXF3iJQC2jczb1MR16XEtcscp6QuCgZ1-h0J-Sl1J-mB9d40t7rME-ld0Qft-taSvK6H-3dQsJdvHWDMzOglA7KlMWNwgbwDZ9GNPhNlkgSWWZAIwmCNAck2mDOh86DeHz1qOTA:1oR9Dy:h8wV4TqrHnxS81Y8Twk2-CWrpN6SNzTKR2zE9NAEKe8', '2022-09-08 09:32:30.579238'),
('7vjz6lr4rgaak80tr54uma8r2ytd13rk', '.eJxVjDsOwjAQBe_iGllaJ_hDSc8ZrN31GgeQLcVJFXF3iJQC2jczb1MR16XEtcscp6QuCgZ1-h0J-Sl1J-mB9d40t7rME-ld0Qft-taSvK6H-3dQsJdvHWDMzOglA7KlMWNwgbwDZ9GNPhNlkgSWWZAIwmCNAck2mDOh86DeHz1qOTA:1oSyiS:TJ_0WIYKLQHHiFZQlcSS9jz9gKhXFSnGa_D-9vOKW0g', '2022-09-13 10:43:32.795512'),
('81h80my064apsokegsqy3i4l1rqlwh9q', '.eJxVjEEOwiAQRe_C2hCYlgAu3XuGZpgZpGogKe3KeHdt0oVu_3vvv9SE21qmrcsyzazOagB1-h0T0kPqTviO9dY0tbouc9K7og_a9bWxPC-H-3dQsJdvPQoE5AiRRm8HAs8AwYnhjJDJu2wiSoQQrQzZMhOHlAzZ0XofXUD1_gAMQjhB:1od3dz:ZP_kra7c6L8ZYv8dSN2VkV-w-3NO0Vfq3tXBVDFA-CA', '2022-10-11 06:00:35.284318'),
('839din5moo8hlt840umjy70oir3nf1s4', '.eJxVjEEOwiAQRe_C2hCYlgAu3XuGZpgZpGogKe3KeHdt0oVu_3vvv9SE21qmrcsyzazOagB1-h0T0kPqTviO9dY0tbouc9K7og_a9bWxPC-H-3dQsJdvPQoE5AiRRm8HAs8AwYnhjJDJu2wiSoQQrQzZMhOHlAzZ0XofXUD1_gAMQjhB:1ocmRT:pxwy3wvAnOxa_Nl_IajfSyduNNd-9rCZpmO1mCCWqpk', '2022-10-10 11:38:31.764587'),
('85bo4d6gxo2u04ga9jjhi8nj086085s0', '.eJxVjEEOwiAQRe_C2hCYlgAu3XuGZpgZpGogKe3KeHdt0oVu_3vvv9SE21qmrcsyzazOagB1-h0T0kPqTviO9dY0tbouc9K7og_a9bWxPC-H-3dQsJdvPQoE5AiRRm8HAs8AwYnhjJDJu2wiSoQQrQzZMhOHlAzZ0XofXUD1_gAMQjhB:1okevh:EhUS3q5V_a6NTp3ZLUS7LBKwq4RC6NHOLHiYvITsXqk', '2022-11-01 10:44:17.281536'),
('86b8mad6z77boeidx7w19gm2q1fqjkf8', '.eJxVjEEOwiAQRe_C2hCYlgAu3XuGZpgZpGogKe3KeHdt0oVu_3vvv9SE21qmrcsyzazOagB1-h0T0kPqTviO9dY0tbouc9K7og_a9bWxPC-H-3dQsJdvPQoE5AiRRm8HAs8AwYnhjJDJu2wiSoQQrQzZMhOHlAzZ0XofXUD1_gAMQjhB:1od6n9:BFmeTqmCx_763NJkxIAfYyF04Sl3v-siwyZfIQ-5apY', '2022-10-11 09:22:15.395560'),
('88rfy6x98omyguxdcax4d8ulq4i9yvzv', '.eJxVjEEOwiAQRe_C2hCYlgAu3XuGZpgZpGogKe3KeHdt0oVu_3vvv9SE21qmrcsyzazOagB1-h0T0kPqTviO9dY0tbouc9K7og_a9bWxPC-H-3dQsJdvPQoE5AiRRm8HAs8AwYnhjJDJu2wiSoQQrQzZMhOHlAzZ0XofXUD1_gAMQjhB:1ouWeD:8lrGJK_OFb9gxkI_xLzDJBSKePdqMmoP0ON1ku7eOkQ', '2022-11-28 15:55:01.507165'),
('8cvcni5myvolqpkhslx6i5as0unic0sz', '.eJxVjEEOwiAQRe_C2hCYlgAu3XuGZpgZpGogKe3KeHdt0oVu_3vvv9SE21qmrcsyzazOagB1-h0T0kPqTviO9dY0tbouc9K7og_a9bWxPC-H-3dQsJdvPQoE5AiRRm8HAs8AwYnhjJDJu2wiSoQQrQzZMhOHlAzZ0XofXUD1_gAMQjhB:1pRWMq:8AhaMG5BbkZTh1K17OEV-8xwyDEK-OSLQLHXJrRbt6g', '2023-02-27 16:17:28.537287'),
('8d298os1bb50vqij3tjsm6a44nu1u51s', '.eJxVjEEOwiAQRe_C2hCYlgAu3XuGZpgZpGogKe3KeHdt0oVu_3vvv9SE21qmrcsyzazOagB1-h0T0kPqTviO9dY0tbouc9K7og_a9bWxPC-H-3dQsJdvPQoE5AiRRm8HAs8AwYnhjJDJu2wiSoQQrQzZMhOHlAzZ0XofXUD1_gAMQjhB:1p23Wf:7k8tlb3b2zmaIhipD1uEtEhRTHGExVYE0UP4NVkPxx8', '2022-12-19 10:26:21.161411'),
('8feryq41qw77qkr9esgzs83pbq52s2lv', '.eJxVjEEOwiAQRe_C2hCYlgAu3XuGZpgZpGogKe3KeHdt0oVu_3vvv9SE21qmrcsyzazOagB1-h0T0kPqTviO9dY0tbouc9K7og_a9bWxPC-H-3dQsJdvPQoE5AiRRm8HAs8AwYnhjJDJu2wiSoQQrQzZMhOHlAzZ0XofXUD1_gAMQjhB:1oqY7y:I5-4BT2g_L-T2mbJOzh1aGZp72EsBTEiW7YVT2_YGsI', '2022-11-17 16:41:18.527463'),
('8fg0cyskg9pvj3cij49ekyheljmwu417', '.eJxVjEEOwiAQRe_C2hCYlgAu3XuGZpgZpGogKe3KeHdt0oVu_3vvv9SE21qmrcsyzazOagB1-h0T0kPqTviO9dY0tbouc9K7og_a9bWxPC-H-3dQsJdvPQoE5AiRRm8HAs8AwYnhjJDJu2wiSoQQrQzZMhOHlAzZ0XofXUD1_gAMQjhB:1ock6R:D82V9_bPtqc0pBQt4pLa_gwVp2q9PxlNSAOeeRXTJVQ', '2022-10-10 09:08:39.892421'),
('8gsb0x7v0c7n39q1nmqtp21sewii25qe', '.eJxVjEEOwiAQRe_C2hCYlgAu3XuGZpgZpGogKe3KeHdt0oVu_3vvv9SE21qmrcsyzazOagB1-h0T0kPqTviO9dY0tbouc9K7og_a9bWxPC-H-3dQsJdvPQoE5AiRRm8HAs8AwYnhjJDJu2wiSoQQrQzZMhOHlAzZ0XofXUD1_gAMQjhB:1opNqr:Wmds1ErTJMo5GMjxVZlDTy4tXq_Hvu_iW19Y77cIF5k', '2022-11-14 11:30:49.374071'),
('8id79zhnyjsswrlmy50xa62lz8deol4n', '.eJxVjEEOgjAQRe_StWksA3Tq0j1nIJ3OjKCmTSisjHdXEha6_e-9_zJj3NZp3Kos48zmYjo0p9-RYnpI3gnfY74Vm0pel5nsrtiDVjsUluf1cP8Oplinb-3QdeiCRweOmVLqNZBPfY8qgo5aAFJqGjg3rJ2qAEUfwAv6oOxb8_4ACH84XQ:1ojDWR:SameBTYGS2n2S_YTwAA-QqV1paQRAUDHN1iqjiplDzQ', '2022-10-28 11:16:15.694464'),
('8l8wpbwaxutsya43laqh0ikxwyelxmw0', '.eJxVjEEOwiAQRe_C2hCYlgAu3XuGZpgZpGogKe3KeHdt0oVu_3vvv9SE21qmrcsyzazOagB1-h0T0kPqTviO9dY0tbouc9K7og_a9bWxPC-H-3dQsJdvPQoE5AiRRm8HAs8AwYnhjJDJu2wiSoQQrQzZMhOHlAzZ0XofXUD1_gAMQjhB:1oqq0D:gh_Z64lE9GUIWzHgF-9pK1TovmutYDMqj76BNcjC7o8', '2022-11-18 11:46:29.304582'),
('8ndi3nh7klnmdkd1hqaho7oiph7shjpg', '.eJxVjEEOwiAQRe_C2hCYlgAu3XuGZpgZpGogKe3KeHdt0oVu_3vvv9SE21qmrcsyzazOagB1-h0T0kPqTviO9dY0tbouc9K7og_a9bWxPC-H-3dQsJdvPQoE5AiRRm8HAs8AwYnhjJDJu2wiSoQQrQzZMhOHlAzZ0XofXUD1_gAMQjhB:1oghao:ebmV9EjuW8AfymLRIODCkhpgzxLyOnuvvJ9PpB1b_nI', '2022-10-21 12:46:22.462772'),
('8nu8wvpyxx9x3lf541kllsbi5ecdfe1m', '.eJxVjEEOwiAQRe_C2hCYlgAu3XuGZpgZpGogKe3KeHdt0oVu_3vvv9SE21qmrcsyzazOagB1-h0T0kPqTviO9dY0tbouc9K7og_a9bWxPC-H-3dQsJdvPQoE5AiRRm8HAs8AwYnhjJDJu2wiSoQQrQzZMhOHlAzZ0XofXUD1_gAMQjhB:1p2R9R:e8Mggkn5xVXpycFjA14-hhdFI1xDO7Xg1chVfXFlBdM', '2022-12-20 11:39:57.701961'),
('8oudiiiu7qapfpl5x5pqz2rt7j1p4pkd', '.eJxVjDsOwjAQBe_iGllaJ_hDSc8ZrN31GgeQLcVJFXF3iJQC2jczb1MR16XEtcscp6QuCgZ1-h0J-Sl1J-mB9d40t7rME-ld0Qft-taSvK6H-3dQsJdvHWDMzOglA7KlMWNwgbwDZ9GNPhNlkgSWWZAIwmCNAck2mDOh86DeHz1qOTA:1oSyHP:gQNuWtHNOD8Dkl6oKtKkfqHnasNUC3JnY9TLXX-MH3s', '2022-09-13 10:15:35.747930'),
('8t52f248pxggcv7j9ef26k83xtde6lp6', '.eJxVjDsOwjAQBe_iGllaJ_hDSc8ZrN31GgeQLcVJFXF3iJQC2jczb1MR16XEtcscp6QuCgZ1-h0J-Sl1J-mB9d40t7rME-ld0Qft-taSvK6H-3dQsJdvHWDMzOglA7KlMWNwgbwDZ9GNPhNlkgSWWZAIwmCNAck2mDOh86DeHz1qOTA:1oRQy2:YgzNrikYt3XohYwR6FigKjQ5eIXBZLZvWAvQIYfGl1k', '2022-09-09 04:29:14.347959'),
('8tgvxfvhl1cdu9wu7up9wdqrm0g5q2b2', '.eJxVjEEOwiAQRe_C2hCYlgAu3XuGZpgZpGogKe3KeHdt0oVu_3vvv9SE21qmrcsyzazOagB1-h0T0kPqTviO9dY0tbouc9K7og_a9bWxPC-H-3dQsJdvPQoE5AiRRm8HAs8AwYnhjJDJu2wiSoQQrQzZMhOHlAzZ0XofXUD1_gAMQjhB:1pPL5O:E0b-1z2O_uUOSNGBtULwRIJwpE1IT5UsXastvCld168', '2023-02-21 15:50:26.527056'),
('8u6wcplgphdcgrpywyfn6dc9fpi44olq', '.eJxVjDsOwjAQBe_iGllaJ_hDSc8ZrN31GgeQLcVJFXF3iJQC2jczb1MR16XEtcscp6QuCgZ1-h0J-Sl1J-mB9d40t7rME-ld0Qft-taSvK6H-3dQsJdvHWDMzOglA7KlMWNwgbwDZ9GNPhNlkgSWWZAIwmCNAck2mDOh86DeHz1qOTA:1oTcMc:oHWKFG3-P5uF9P8p0JtFNhb75j5CaYBxH5GwHSVACH8', '2022-09-15 05:03:38.536021'),
('8uioc0kvjrgccvy3c65kqdj795g2j7pm', '.eJxVjEEOwiAQRe_C2hCYlgAu3XuGZpgZpGogKe3KeHdt0oVu_3vvv9SE21qmrcsyzazOagB1-h0T0kPqTviO9dY0tbouc9K7og_a9bWxPC-H-3dQsJdvPQoE5AiRRm8HAs8AwYnhjJDJu2wiSoQQrQzZMhOHlAzZ0XofXUD1_gAMQjhB:1orAmz:UBlDDm88x2HfH673fp9ZU8PUBSleaEZbfr0-LsZ9lLc', '2022-11-19 09:58:13.828110'),
('8ygridir3jkjv6mecq8w3jq0zoyphvk8', '.eJxVjEEOwiAQRe_C2hCYlgAu3XuGZpgZpGogKe3KeHdt0oVu_3vvv9SE21qmrcsyzazOagB1-h0T0kPqTviO9dY0tbouc9K7og_a9bWxPC-H-3dQsJdvPQoE5AiRRm8HAs8AwYnhjJDJu2wiSoQQrQzZMhOHlAzZ0XofXUD1_gAMQjhB:1p0gPm:1abgLG8i4ZWM1eNyo9Qt_ZL545XcxGdwqfINpeN3zGY', '2022-12-15 15:33:34.820821'),
('90crwuc5c78xjth8enq5xv16wgf7xcb0', '.eJxVjEEOwiAQRe_C2hCYlgAu3XuGZpgZpGogKe3KeHdt0oVu_3vvv9SE21qmrcsyzazOagB1-h0T0kPqTviO9dY0tbouc9K7og_a9bWxPC-H-3dQsJdvPQoE5AiRRm8HAs8AwYnhjJDJu2wiSoQQrQzZMhOHlAzZ0XofXUD1_gAMQjhB:1pPMFC:h7miGh968OSaHMXnmOmG3BQ1zdFwdQhXWnUbWTpT-1A', '2023-02-21 17:04:38.644451'),
('91a0as94ml1zsqbixgllxwez3y0m58b8', '.eJxVjEEOwiAQRe_C2hCYlgAu3XuGZpgZpGogKe3KeHdt0oVu_3vvv9SE21qmrcsyzazOagB1-h0T0kPqTviO9dY0tbouc9K7og_a9bWxPC-H-3dQsJdvPQoE5AiRRm8HAs8AwYnhjJDJu2wiSoQQrQzZMhOHlAzZ0XofXUD1_gAMQjhB:1pE6ry:QSuh4i9lRsX2nWZMGKoeEEyiOo2rDkSYCss1Rpf_TyY', '2023-01-21 16:26:10.939525'),
('94efb4kpjxlc9ll1oyoaq26wdgeflwn0', '.eJxVjDsOwjAQBe_iGllaJ_hDSc8ZrN31GgeQLcVJFXF3iJQC2jczb1MR16XEtcscp6QuCgZ1-h0J-Sl1J-mB9d40t7rME-ld0Qft-taSvK6H-3dQsJdvHWDMzOglA7KlMWNwgbwDZ9GNPhNlkgSWWZAIwmCNAck2mDOh86DeHz1qOTA:1oT3dv:JxfQmqBCLs9ouH2ehEyBLcdpRzfv75zwxu3cn72DZpg', '2022-09-13 15:59:11.803912'),
('9hh50ceukgd2dkuafqr2giltj3etmlvw', '.eJxVjEEOwiAQRe_C2hCYlgAu3XuGZpgZpGogKe3KeHdt0oVu_3vvv9SE21qmrcsyzazOagB1-h0T0kPqTviO9dY0tbouc9K7og_a9bWxPC-H-3dQsJdvPQoE5AiRRm8HAs8AwYnhjJDJu2wiSoQQrQzZMhOHlAzZ0XofXUD1_gAMQjhB:1olRks:H9nxfqTQstIlS9ZrFYbRiHfp1gt60j2-XuICRtCKAwk', '2022-11-03 14:52:22.437986'),
('9mrth8yu1uweozi11bjoz3j7rfw2gbhy', '.eJxVjEEOwiAQRe_C2hCYlgAu3XuGZpgZpGogKe3KeHdt0oVu_3vvv9SE21qmrcsyzazOagB1-h0T0kPqTviO9dY0tbouc9K7og_a9bWxPC-H-3dQsJdvPQoE5AiRRm8HAs8AwYnhjJDJu2wiSoQQrQzZMhOHlAzZ0XofXUD1_gAMQjhB:1ockQT:nNkaV8eh1oyDeadobCMX-3HoVhcpLSdQlvjHEOZ7sG0', '2022-10-10 09:29:21.920014'),
('9nti6tp4oqf2vwugfyiw5dznl4srtp6p', '.eJxVjEEOgjAQRe_StWksA3Tq0j1nIJ3OjKCmTSisjHdXEha6_e-9_zJj3NZp3Kos48zmYjo0p9-RYnpI3gnfY74Vm0pel5nsrtiDVjsUluf1cP8Oplinb-3QdeiCRweOmVLqNZBPfY8qgo5aAFJqGjg3rJ2qAEUfwAv6oOxb8_4ACH84XQ:1oe7qs:U2CIiN7xJzB1MOevnb2bT1stSVAm2l6FC2HiuVCQUuE', '2022-10-14 04:42:18.461882'),
('9uq97xpr92kl67fakcvvhhjwo6snggft', '.eJxVjEEOwiAQRe_C2hCYlgAu3XuGZpgZpGogKe3KeHdt0oVu_3vvv9SE21qmrcsyzazOagB1-h0T0kPqTviO9dY0tbouc9K7og_a9bWxPC-H-3dQsJdvPQoE5AiRRm8HAs8AwYnhjJDJu2wiSoQQrQzZMhOHlAzZ0XofXUD1_gAMQjhB:1pPGia:Mu3iatHuMg_6W5UzGru9E9gC2YKoUrLyavRKbClulQU', '2023-02-21 11:10:36.772446'),
('a03t52ko6xyzc9uujz98wpbtcpgdt5ug', '.eJxVjEEOwiAQRe_C2hCYlgAu3XuGZpgZpGogKe3KeHdt0oVu_3vvv9SE21qmrcsyzazOagB1-h0T0kPqTviO9dY0tbouc9K7og_a9bWxPC-H-3dQsJdvPQoE5AiRRm8HAs8AwYnhjJDJu2wiSoQQrQzZMhOHlAzZ0XofXUD1_gAMQjhB:1olRr4:KJoxG2QVTuKcIYUxboTmKmtiJz-QtBvnu_VFMff69as', '2022-11-03 14:58:46.561799'),
('a1wax5n2mhr6h57ngf7pa35wlcba1slt', '.eJxVjMsOwiAQRf-FtSG8O7h07zeQAQapGkhKuzL-uzbpQrf3nHNfLOC21rANWsKc2ZlJy06_Y8T0oLaTfMd26zz1ti5z5LvCDzr4tWd6Xg7376DiqN86quikgqK0txbSpH2afEaNpKg4J40hISG6krR1HrxAqaWwOZIBlxHY-wPyrzeE:1oT0J2:O_emLLVnCNVsl8GqhHvIXlkJ_7eHN2HevtDRqf4G3b0', '2022-09-13 12:25:24.820364'),
('a4nbnnh75fc3sqcka8bx3giojj296kt2', '.eJxVjEEOwiAQRe_C2hCYlgAu3XuGZpgZpGogKe3KeHdt0oVu_3vvv9SE21qmrcsyzazOagB1-h0T0kPqTviO9dY0tbouc9K7og_a9bWxPC-H-3dQsJdvPQoE5AiRRm8HAs8AwYnhjJDJu2wiSoQQrQzZMhOHlAzZ0XofXUD1_gAMQjhB:1oqT3Z:nThhl54AMVjojm0gVkZxGSYSbQMhoN2Ys2rudYMDPiM', '2022-11-17 11:16:25.107749'),
('a4sxvkke1grhh38vaianvbiqnqsyyb6y', '.eJxVjDsOwjAQBe_iGllaJ_hDSc8ZrN31GgeQLcVJFXF3iJQC2jczb1MR16XEtcscp6QuCgZ1-h0J-Sl1J-mB9d40t7rME-ld0Qft-taSvK6H-3dQsJdvHWDMzOglA7KlMWNwgbwDZ9GNPhNlkgSWWZAIwmCNAck2mDOh86DeHz1qOTA:1oT2PT:pKAgQReLiIXB5rsT-X--YFNeL-qyO75b1pkyJhlRu5c', '2022-09-13 14:40:11.652604'),
('a6m7w0qzn8kw3t14v2mv5neejd8fitzb', '.eJxVjEEOwiAQRe_C2hCYlgAu3XuGZpgZpGogKe3KeHdt0oVu_3vvv9SE21qmrcsyzazOagB1-h0T0kPqTviO9dY0tbouc9K7og_a9bWxPC-H-3dQsJdvPQoE5AiRRm8HAs8AwYnhjJDJu2wiSoQQrQzZMhOHlAzZ0XofXUD1_gAMQjhB:1osi9A:lYiEpG88AfojXoiWmHD-XY--vjamnNzPYhRTpiUBXPU', '2022-11-23 15:47:28.177560'),
('a9sj3emi8pf1l10c4bnkvf8mpc2s9x8v', '.eJxVjEEOwiAQRe_C2hCYlgAu3XuGZpgZpGogKe3KeHdt0oVu_3vvv9SE21qmrcsyzazOagB1-h0T0kPqTviO9dY0tbouc9K7og_a9bWxPC-H-3dQsJdvPQoE5AiRRm8HAs8AwYnhjJDJu2wiSoQQrQzZMhOHlAzZ0XofXUD1_gAMQjhB:1p24Mg:1KbvfSAWUAZsPkOkplZ4zUw4ymDUBTI3jMDUdbIQng4', '2022-12-19 11:20:06.320303'),
('achbyviw7jkc2vx68bxb2k7s0yvm1dw7', '.eJxVjEEOwiAQRe_C2hCYlgAu3XuGZpgZpGogKe3KeHdt0oVu_3vvv9SE21qmrcsyzazOagB1-h0T0kPqTviO9dY0tbouc9K7og_a9bWxPC-H-3dQsJdvPQoE5AiRRm8HAs8AwYnhjJDJu2wiSoQQrQzZMhOHlAzZ0XofXUD1_gAMQjhB:1oqT9A:qJe5ageXC-wS-eZ2zCs5NTW-qGTCGkQoVdFYNsgJqjE', '2022-11-17 11:22:12.166383'),
('ada6h3kza0nbcut1h7vphqyjqg94jqgx', '.eJxVjEEOwiAQRe_C2hCYlgAu3XuGZpgZpGogKe3KeHdt0oVu_3vvv9SE21qmrcsyzazOagB1-h0T0kPqTviO9dY0tbouc9K7og_a9bWxPC-H-3dQsJdvPQoE5AiRRm8HAs8AwYnhjJDJu2wiSoQQrQzZMhOHlAzZ0XofXUD1_gAMQjhB:1okzum:x2wVeUfR8BRyR0XDwqSD21prPxd0uXNkCueusU7M2Vo', '2022-11-02 09:08:44.171566'),
('ag558xwf5xhswadfhni3v4hq2mw0lq13', '.eJxVjDsOwjAQBe_iGllaJ_hDSc8ZrN31GgeQLcVJFXF3iJQC2jczb1MR16XEtcscp6QuCgZ1-h0J-Sl1J-mB9d40t7rME-ld0Qft-taSvK6H-3dQsJdvHWDMzOglA7KlMWNwgbwDZ9GNPhNlkgSWWZAIwmCNAck2mDOh86DeHz1qOTA:1oRRid:_2sOguAEo03oM4EXBnmZRhBVLurBnHKLjKE9v24Luh0', '2022-09-09 05:17:23.639717'),
('ahr2yzmeanrwkxnk4hphs3iyue7560rm', '.eJxVjEEOgjAQRe_StWksA3Tq0j1nIJ3OjKCmTSisjHdXEha6_e-9_zJj3NZp3Kos48zmYjo0p9-RYnpI3gnfY74Vm0pel5nsrtiDVjsUluf1cP8Oplinb-3QdeiCRweOmVLqNZBPfY8qgo5aAFJqGjg3rJ2qAEUfwAv6oOxb8_4ACH84XQ:1okerJ:g6cRrkjoIvswfUOmAK6p8PI5qsMgvAS_1nSTxgRtM5Y', '2022-11-01 10:39:45.614173'),
('az1kh5cy6z6vj7hcwhmjqg4prawvy7tj', '.eJxVjDsOwjAQBe_iGllaJ_hDSc8ZrN31GgeQLcVJFXF3iJQC2jczb1MR16XEtcscp6QuCgZ1-h0J-Sl1J-mB9d40t7rME-ld0Qft-taSvK6H-3dQsJdvHWDMzOglA7KlMWNwgbwDZ9GNPhNlkgSWWZAIwmCNAck2mDOh86DeHz1qOTA:1oRRTj:fhj8tvJO3rRQi7440u0IUuF5HEzmEZtpuXGWbtJ5kf4', '2022-09-09 05:01:59.625542'),
('b3gcbyp8i1ky1bn7thwqt28biejam6yt', '.eJxVjEEOwiAQRe_C2hCYlgAu3XuGZpgZpGogKe3KeHdt0oVu_3vvv9SE21qmrcsyzazOagB1-h0T0kPqTviO9dY0tbouc9K7og_a9bWxPC-H-3dQsJdvPQoE5AiRRm8HAs8AwYnhjJDJu2wiSoQQrQzZMhOHlAzZ0XofXUD1_gAMQjhB:1oqoUR:VdE8HcOqLA1fPxQeXVnkZTivzw9yHHov0bmKWWjfv40', '2022-11-18 10:09:35.532530'),
('b4tlq9tokrah9bmxommwo1b3omfmvhfj', '.eJxVjEEOwiAQRe_C2hCYlgAu3XuGZpgZpGogKe3KeHdt0oVu_3vvv9SE21qmrcsyzazOagB1-h0T0kPqTviO9dY0tbouc9K7og_a9bWxPC-H-3dQsJdvPQoE5AiRRm8HAs8AwYnhjJDJu2wiSoQQrQzZMhOHlAzZ0XofXUD1_gAMQjhB:1ockhB:gOMK2IuvQZMrt_zHFUdFZvdOL7WzG6zbNCLbZE6zA00', '2022-10-10 09:46:37.177412'),
('b77hmzy963wn4tnda1bqszedr039r2pm', '.eJxVjDsOwjAQBe_iGllaJ_hDSc8ZrN31GgeQLcVJFXF3iJQC2jczb1MR16XEtcscp6QuCgZ1-h0J-Sl1J-mB9d40t7rME-ld0Qft-taSvK6H-3dQsJdvHWDMzOglA7KlMWNwgbwDZ9GNPhNlkgSWWZAIwmCNAck2mDOh86DeHz1qOTA:1oT0I8:V7eWadPsJ2k2jahEMqXXhaLl98GXlPI1BYZbtiIrTMk', '2022-09-13 12:24:28.971951'),
('b7xctbb97un1cpybwi0qx01hlgor1aj7', '.eJxVjEEOwiAQRe_C2hCYlgAu3XuGZpgZpGogKe3KeHdt0oVu_3vvv9SE21qmrcsyzazOagB1-h0T0kPqTviO9dY0tbouc9K7og_a9bWxPC-H-3dQsJdvPQoE5AiRRm8HAs8AwYnhjJDJu2wiSoQQrQzZMhOHlAzZ0XofXUD1_gAMQjhB:1onw7i:nljhH8HvYHdMs08gNyrGrj7cvXNgYFYvAGH3UExSyl8', '2022-11-10 11:42:14.262830'),
('b863ny8lt5kfufp50b78ylpej9kksvxj', '.eJxVjEEOwiAQRe_C2hCYlgAu3XuGZpgZpGogKe3KeHdt0oVu_3vvv9SE21qmrcsyzazOagB1-h0T0kPqTviO9dY0tbouc9K7og_a9bWxPC-H-3dQsJdvPQoE5AiRRm8HAs8AwYnhjJDJu2wiSoQQrQzZMhOHlAzZ0XofXUD1_gAMQjhB:1ockSR:hGQUG48J8gu07P_5fd-FMKEvgJjKQLUrczNzBEIbaxs', '2022-10-10 09:31:23.043255'),
('b9bqay8x3ug4r8jgvm8j2js4gzjtosox', '.eJxVjMsOwiAQRf-FtSHQ8hhduvcbyAwMUjWQlHZl_HfbpAvd3nPOfYuA61LC2nkOUxIXASBOvyNhfHLdSXpgvTcZW13mieSuyIN2eWuJX9fD_Tso2MtWk0vZeIakzEjeEhJw1BYdwcjorYvuTKw2jlZH9E5pkwdEIsowZCU-XzI1OR4:1pMkAb:M0zoJ0WbpygPmRM0WE4uqnQa3f1Hj2mmYf6MG8L00WQ', '2023-02-14 12:01:05.535257'),
('baa4tovo2wb1j8fwvhoec2x6fkp0fgn7', '.eJxVjDsOwjAQBe_iGlmOv1lKes5grXdtHECOFCcV4u4QKQW0b2beS0Tc1hq3npc4sTgLAHH6HRPSI7ed8B3bbZY0t3WZktwVedAurzPn5-Vw_w4q9vqtdQ7JJa8haQYAQyU4ZT2E5AMa8MwFyjACWedJ20FxyISk0BDwaEi8PwcKODE:1pNCAo:REu1uiCird2xsrRhLUIk4qjctIJHzMay1BDI-Ww4zdc', '2023-02-15 17:55:10.710348'),
('bdfdx3s881xu9dzspfa6u5jzn3qlz0j3', '.eJxVjEEOwiAQRe_C2hCYlgAu3XuGZpgZpGogKe3KeHdt0oVu_3vvv9SE21qmrcsyzazOagB1-h0T0kPqTviO9dY0tbouc9K7og_a9bWxPC-H-3dQsJdvPQoE5AiRRm8HAs8AwYnhjJDJu2wiSoQQrQzZMhOHlAzZ0XofXUD1_gAMQjhB:1osfXr:fiZKfPnKmZx_tN8qkX_byzAGOD08xnsPYLBYbJvXYS0', '2022-11-23 13:00:47.620666'),
('bgb9g88qo11ft7yjjbtsw1sedkc5bwsg', '.eJxVjEEOgjAQRe_StWksA3Tq0j1nIJ3OjKCmTSisjHdXEha6_e-9_zJj3NZp3Kos48zmYjo0p9-RYnpI3gnfY74Vm0pel5nsrtiDVjsUluf1cP8Oplinb-3QdeiCRweOmVLqNZBPfY8qgo5aAFJqGjg3rJ2qAEUfwAv6oOxb8_4ACH84XQ:1opT20:6tSXXydpbJEdkD2e4obCSefxrzIpDx3-NpuWesG-Eso', '2022-11-14 17:02:40.326416'),
('bgbqbqxyey81h2slgco57uxbtpyqh7hw', '.eJxVjEEOwiAQRe_C2hCYlgAu3XuGZpgZpGogKe3KeHdt0oVu_3vvv9SE21qmrcsyzazOagB1-h0T0kPqTviO9dY0tbouc9K7og_a9bWxPC-H-3dQsJdvPQoE5AiRRm8HAs8AwYnhjJDJu2wiSoQQrQzZMhOHlAzZ0XofXUD1_gAMQjhB:1oyVa2:eaDxi8L2husJDeS3PWuJaTx9YGYRbeULf9Hp5dbKwQc', '2022-12-09 15:35:10.272349'),
('biacswtjrcyyibes4jh902udc1wnx3bd', '.eJxVjEEOwiAQRe_C2hCYlgAu3XuGZpgZpGogKe3KeHdt0oVu_3vvv9SE21qmrcsyzazOagB1-h0T0kPqTviO9dY0tbouc9K7og_a9bWxPC-H-3dQsJdvPQoE5AiRRm8HAs8AwYnhjJDJu2wiSoQQrQzZMhOHlAzZ0XofXUD1_gAMQjhB:1oy8nl:2BMxsggTDNV9sczLjgPKTBbDdCEiAvHYT2kckK2yeMw', '2022-12-08 15:15:49.106031'),
('bluf1u5dspuxwumhvyk6k3i7aeclmj9v', '.eJxVjEEOgjAQRe_StWksA3Tq0j1nIJ3OjKCmTSisjHdXEha6_e-9_zJj3NZp3Kos48zmYjo0p9-RYnpI3gnfY74Vm0pel5nsrtiDVjsUluf1cP8Oplinb-3QdeiCRweOmVLqNZBPfY8qgo5aAFJqGjg3rJ2qAEUfwAv6oOxb8_4ACH84XQ:1ojDZr:eSxS5RC3euaoer6P25O-BLM--TtpPBHAWQBytOVIvDM', '2022-10-28 11:19:47.929879'),
('bn0bkk9kz4hairfb83q8ollb7swvy0g1', '.eJxVjEEOgjAQRe_StWksA3Tq0j1nIJ3OjKCmTSisjHdXEha6_e-9_zJj3NZp3Kos48zmYjo0p9-RYnpI3gnfY74Vm0pel5nsrtiDVjsUluf1cP8Oplinb-3QdeiCRweOmVLqNZBPfY8qgo5aAFJqGjg3rJ2qAEUfwAv6oOxb8_4ACH84XQ:1ogMUV:0BzRVoOLKT4c5cOtHUiExPqD0zQSBqJ9DOFIiaLcSvI', '2022-10-20 08:44:27.572788'),
('bo3c278lxb8h0xob35p8sddly4wwzl8p', '.eJxVjMsOgyAQRf-FdUNAedll934DmYGh2DaQiK6a_ruauLDbe865X-ZhXbJfG81-iuzO3MBu1xEhvKkcJL6gPCsPtSzzhPxQ-EkbH2ukz-N0_w4ytLzXaGJSllwUqkerEdBRkBoMup7AahPMgCR2DloGsEZIlToAREyuS4L9NjLOOR8:1oruY0:8OC08ZdwCqxu6ANLah0VPVYJB1HG2hIeB2FyYqR2PWE', '2022-11-21 10:49:48.243289'),
('c22uqk08avj51pqtucfc3j3e8to2v5f4', '.eJxVjEEOwiAQRe_C2hCYlgAu3XuGZpgZpGogKe3KeHdt0oVu_3vvv9SE21qmrcsyzazOagB1-h0T0kPqTviO9dY0tbouc9K7og_a9bWxPC-H-3dQsJdvPQoE5AiRRm8HAs8AwYnhjJDJu2wiSoQQrQzZMhOHlAzZ0XofXUD1_gAMQjhB:1opSZq:i252rHyP7_wv9gHu8A5x6n5AvIdyccQt7QDV_ESvoa0', '2022-11-14 16:33:34.155522'),
('cfarbt550zk2062lvo8ag7fr3ljn9qcq', '.eJxVjDsOwjAQBe_iGllaJ_hDSc8ZrN31GgeQLcVJFXF3iJQC2jczb1MR16XEtcscp6QuCgZ1-h0J-Sl1J-mB9d40t7rME-ld0Qft-taSvK6H-3dQsJdvHWDMzOglA7KlMWNwgbwDZ9GNPhNlkgSWWZAIwmCNAck2mDOh86DeHz1qOTA:1oR8JM:MKCnBjn3jY5vPQo9TyoXhikfVVmed2fPPcSb4eJVP5M', '2022-09-08 08:34:00.904141'),
('cjqeutuxr4zpqn88v3mdqdiqj440pln5', '.eJxVjEEOwiAQRe_C2hCYlgAu3XuGZpgZpGogKe3KeHdt0oVu_3vvv9SE21qmrcsyzazOagB1-h0T0kPqTviO9dY0tbouc9K7og_a9bWxPC-H-3dQsJdvPQoE5AiRRm8HAs8AwYnhjJDJu2wiSoQQrQzZMhOHlAzZ0XofXUD1_gAMQjhB:1oy3Zn:DhL2jxUgRlsbsnLLA_M809a5UC_Ck4So4ErpSdPbmbg', '2022-12-08 09:41:03.593175'),
('cjr9o9ej919gmk4n8zgst7e73bvc5pn4', '.eJxVjEEOwiAQRe_C2hCYlgAu3XuGZpgZpGogKe3KeHdt0oVu_3vvv9SE21qmrcsyzazOagB1-h0T0kPqTviO9dY0tbouc9K7og_a9bWxPC-H-3dQsJdvPQoE5AiRRm8HAs8AwYnhjJDJu2wiSoQQrQzZMhOHlAzZ0XofXUD1_gAMQjhB:1oq5HL:WivlVUMEdd_UH84aVqlxOQAOrFaJKtYoZuW80o9DMPE', '2022-11-16 09:53:03.816137'),
('clxquin7e340q1a5zpxabbadr1xk8za1', '.eJxVjEEOwiAQRe_C2hCYlgAu3XuGZpgZpGogKe3KeHdt0oVu_3vvv9SE21qmrcsyzazOagB1-h0T0kPqTviO9dY0tbouc9K7og_a9bWxPC-H-3dQsJdvPQoE5AiRRm8HAs8AwYnhjJDJu2wiSoQQrQzZMhOHlAzZ0XofXUD1_gAMQjhB:1ojG6Y:90jZpLv3UhbJutKTxKvcUUMc70Fjmhwu6ZzGLsC5Fg0', '2022-10-28 14:01:42.617075'),
('cpzyzck8edd7tr1nf5br1ugzmv46aae9', '.eJxVjEEOwiAQRe_C2hCYlgAu3XuGZpgZpGogKe3KeHdt0oVu_3vvv9SE21qmrcsyzazOagB1-h0T0kPqTviO9dY0tbouc9K7og_a9bWxPC-H-3dQsJdvPQoE5AiRRm8HAs8AwYnhjJDJu2wiSoQQrQzZMhOHlAzZ0XofXUD1_gAMQjhB:1oVs4X:JpBD5VbIgu7d5uP8HqZnQasAcI8RgIeNGCKbIX7NWyk', '2022-09-21 10:14:17.073393'),
('ctgoji0qc1etx8bbsom7po09ywuq0gzk', '.eJxVjEEOwiAQRe_C2hCYlgAu3XuGZpgZpGogKe3KeHdt0oVu_3vvv9SE21qmrcsyzazOagB1-h0T0kPqTviO9dY0tbouc9K7og_a9bWxPC-H-3dQsJdvPQoE5AiRRm8HAs8AwYnhjJDJu2wiSoQQrQzZMhOHlAzZ0XofXUD1_gAMQjhB:1pKdP9:5561cYkDObwARqCNKmJdiKSVm__xm51sk90-gt20QfM', '2023-02-08 16:23:23.686834'),
('cxk6dmmzylhju5gcm91y3jqs7c2eeecu', '.eJxVjDsOwjAQBe_iGllaJ_hDSc8ZrN31GgeQLcVJFXF3iJQC2jczb1MR16XEtcscp6QuCgZ1-h0J-Sl1J-mB9d40t7rME-ld0Qft-taSvK6H-3dQsJdvHWDMzOglA7KlMWNwgbwDZ9GNPhNlkgSWWZAIwmCNAck2mDOh86DeHz1qOTA:1oRRi4:BrLOLtHQ-pDcFqxNVLsYqcUut-5CiLUUra8bWRW7yFk', '2022-09-09 05:16:48.357850'),
('cynait8k0i9glb1ougwb6mi85l137fnn', '.eJxVjEEOwiAQRe_C2hCYlgAu3XuGZpgZpGogKe3KeHdt0oVu_3vvv9SE21qmrcsyzazOagB1-h0T0kPqTviO9dY0tbouc9K7og_a9bWxPC-H-3dQsJdvPQoE5AiRRm8HAs8AwYnhjJDJu2wiSoQQrQzZMhOHlAzZ0XofXUD1_gAMQjhB:1ockQ0:zriSQOpzO-yuwJGVoBAoXDQVzXDvDy5ZCikHDJ4bv5o', '2022-10-10 09:28:52.211123'),
('dc9dmsxpzlv18az6ibt1kf8jrk2kdte9', '.eJxVjEEOwiAQRe_C2hCYlgAu3XuGZpgZpGogKe3KeHdt0oVu_3vvv9SE21qmrcsyzazOagB1-h0T0kPqTviO9dY0tbouc9K7og_a9bWxPC-H-3dQsJdvPQoE5AiRRm8HAs8AwYnhjJDJu2wiSoQQrQzZMhOHlAzZ0XofXUD1_gAMQjhB:1ock2k:WVdEi7S1-MFUQMTIDuNdkTHeBXwYX4y2s4yrmu536EI', '2022-10-10 09:04:50.539631'),
('dm43wekxxfvo0swgzrd12ewfjt4u5afl', '.eJxVjEEOgjAQRe_StWksA3Tq0j1nIJ3OjKCmTSisjHdXEha6_e-9_zJj3NZp3Kos48zmYjo0p9-RYnpI3gnfY74Vm0pel5nsrtiDVjsUluf1cP8Oplinb-3QdeiCRweOmVLqNZBPfY8qgo5aAFJqGjg3rJ2qAEUfwAv6oOxb8_4ACH84XQ:1ojEGG:oKpruR2WCVoaFrz0hVl63S5tpNPbiuf0_V8j8EmuA_0', '2022-10-28 12:03:36.468675'),
('dry7iwvef6ty8q720d18u4d6k5kwmgap', '.eJxVjEEOwiAQRe_C2hCYlgAu3XuGZpgZpGogKe3KeHdt0oVu_3vvv9SE21qmrcsyzazOagB1-h0T0kPqTviO9dY0tbouc9K7og_a9bWxPC-H-3dQsJdvPQoE5AiRRm8HAs8AwYnhjJDJu2wiSoQQrQzZMhOHlAzZ0XofXUD1_gAMQjhB:1oq50j:gzYCdDhCSeP3YrxNAN5j141E7qSLZXMpMkW4j47Ilqo', '2022-11-16 09:35:53.476853'),
('ds95h1ju9y8vh4b70r4ixl7bibrlxeyv', '.eJxVjEEOwiAQRe_C2hCYlgAu3XuGZpgZpGogKe3KeHdt0oVu_3vvv9SE21qmrcsyzazOagB1-h0T0kPqTviO9dY0tbouc9K7og_a9bWxPC-H-3dQsJdvPQoE5AiRRm8HAs8AwYnhjJDJu2wiSoQQrQzZMhOHlAzZ0XofXUD1_gAMQjhB:1p0yR6:-e-xt-iRVqMx4zwJGFnzUR4LGOWg7VdgSIVx-C3Thx4', '2022-12-16 10:48:08.562299'),
('dupjmme5m1v4euedzzmkdufbak1nku8t', '.eJxVjEEOwiAQRe_C2hCYlgAu3XuGZpgZpGogKe3KeHdt0oVu_3vvv9SE21qmrcsyzazOagB1-h0T0kPqTviO9dY0tbouc9K7og_a9bWxPC-H-3dQsJdvPQoE5AiRRm8HAs8AwYnhjJDJu2wiSoQQrQzZMhOHlAzZ0XofXUD1_gAMQjhB:1oiX5Y:rObpyiUhq49z2ywpW7PWescCmshFuRebe0_G78U_tcY', '2022-10-26 13:57:40.929470'),
('e193hwu5z7nb6c80ukmxu94px0rxpg1y', '.eJxVjEEOwiAQRe_C2hCYlgAu3XuGZpgZpGogKe3KeHdt0oVu_3vvv9SE21qmrcsyzazOagB1-h0T0kPqTviO9dY0tbouc9K7og_a9bWxPC-H-3dQsJdvPQoE5AiRRm8HAs8AwYnhjJDJu2wiSoQQrQzZMhOHlAzZ0XofXUD1_gAMQjhB:1oplAf:ssoiQ8r_5yCHin5IVU8hz8SV2buZYEOcIgUjZ4h_EzE', '2022-11-15 12:24:49.295830'),
('e23gjqi20vuiycdr119cokcqakdg99uk', '.eJxVjDsOwjAQBe_iGllaJ_hDSc8ZrN31GgeQLcVJFXF3iJQC2jczb1MR16XEtcscp6QuCgZ1-h0J-Sl1J-mB9d40t7rME-ld0Qft-taSvK6H-3dQsJdvHWDMzOglA7KlMWNwgbwDZ9GNPhNlkgSWWZAIwmCNAck2mDOh86DeHz1qOTA:1oSvty:1CTqWUdX0wNy7jKZwmJgo9dq5EvKdmmCMpFXIyr9TeI', '2022-09-13 07:43:14.815863'),
('e4913z6mrtxjh7c78xel0slfrktvtky8', '.eJxVjDsOwjAQBe_iGllaJ_hDSc8ZrN31GgeQLcVJFXF3iJQC2jczb1MR16XEtcscp6QuCgZ1-h0J-Sl1J-mB9d40t7rME-ld0Qft-taSvK6H-3dQsJdvHWDMzOglA7KlMWNwgbwDZ9GNPhNlkgSWWZAIwmCNAck2mDOh86DeHz1qOTA:1oSxpd:3esgdFWnRnjyKyZTpd7EoE3-FMNn5VHq_B83FkSwuEM', '2022-09-13 09:46:53.165600'),
('e6l88x6ulbkh9yl5o7kbfy3s1fjkshea', '.eJxVjDsOwjAQBe_iGllaJ_hDSc8ZrN31GgeQLcVJFXF3iJQC2jczb1MR16XEtcscp6QuCgZ1-h0J-Sl1J-mB9d40t7rME-ld0Qft-taSvK6H-3dQsJdvHWDMzOglA7KlMWNwgbwDZ9GNPhNlkgSWWZAIwmCNAck2mDOh86DeHz1qOTA:1oRB9a:Sr8yKMNOrJnOFLzVjbcnX98dUcLx60u-KG-PzOPPqSs', '2022-09-08 11:36:06.624998'),
('ebah4mlaopwb9fpy36rz3twjq8efxhgx', '.eJxVjEEOwiAQRe_C2hCYlgAu3XuGZpgZpGogKe3KeHdt0oVu_3vvv9SE21qmrcsyzazOagB1-h0T0kPqTviO9dY0tbouc9K7og_a9bWxPC-H-3dQsJdvPQoE5AiRRm8HAs8AwYnhjJDJu2wiSoQQrQzZMhOHlAzZ0XofXUD1_gAMQjhB:1oe9uc:kbsWbXhyHHdXP-2AaeNMF1XVFskFjs4lWQYZOS6PAME', '2022-10-14 06:54:18.024575'),
('edtx4nd7qlozv4e2jdlah06vwj8fk21y', '.eJxVjMsOgyAQRf-FdUNAedll934DmYGh2DaQiK6a_ruauLDbe865X-ZhXbJfG81-iuzOBslu1xEhvKkcJL6gPCsPtSzzhPxQ-EkbH2ukz-N0_w4ytLzXaGJSllwUqkerEdBRkBoMup7AahPMgCR2DloGsEZIlToAREyuS4L9Ni6gORg:1oyQG5:JJdnEhwiRA26a_Brx2TXu3Pio9VjywgqPn1qlgj5gJU', '2022-12-09 09:54:13.724851'),
('eel5ec3xkdqzlzzkegzbid0bqn1wa0hw', '.eJxVjDsOwjAQBe_iGllaJ_hDSc8ZrN31GgeQLcVJFXF3iJQC2jczb1MR16XEtcscp6QuCgZ1-h0J-Sl1J-mB9d40t7rME-ld0Qft-taSvK6H-3dQsJdvHWDMzOglA7KlMWNwgbwDZ9GNPhNlkgSWWZAIwmCNAck2mDOh86DeHz1qOTA:1oR9G7:bwee_cGwOSvUWjVVL32D9bhVOayu32X3ZKvWIOImYSQ', '2022-09-08 09:34:43.555052'),
('eeqblg9h8ze894v5ms8abma6kgqiet3f', '.eJxVjEEOwiAQRe_C2hCYlgAu3XuGZpgZpGogKe3KeHdt0oVu_3vvv9SE21qmrcsyzazOagB1-h0T0kPqTviO9dY0tbouc9K7og_a9bWxPC-H-3dQsJdvPQoE5AiRRm8HAs8AwYnhjJDJu2wiSoQQrQzZMhOHlAzZ0XofXUD1_gAMQjhB:1pSb4B:cV1QAkIS8Jf-74vcpAPKl1VbvOJVR69Cstcd3iR3GFc', '2023-03-02 15:30:39.799456'),
('ej443mcfx2l2xabz5yskhdlfg2p7levo', '.eJxVjEEOwiAQRe_C2hCYlgAu3XuGZpgZpGogKe3KeHdt0oVu_3vvv9SE21qmrcsyzazOagB1-h0T0kPqTviO9dY0tbouc9K7og_a9bWxPC-H-3dQsJdvPQoE5AiRRm8HAs8AwYnhjJDJu2wiSoQQrQzZMhOHlAzZ0XofXUD1_gAMQjhB:1oqS62:hux-08ko8kkad0l_5NCnSsco_HPTfvlbH22AdJLzPkM', '2022-11-17 10:14:54.362348'),
('epddt3gffeoxyze0tcmq0wb6gfclygf1', '.eJxVjDsOwjAQBe_iGllaJ_hDSc8ZrN31GgeQLcVJFXF3iJQC2jczb1MR16XEtcscp6QuCgZ1-h0J-Sl1J-mB9d40t7rME-ld0Qft-taSvK6H-3dQsJdvHWDMzOglA7KlMWNwgbwDZ9GNPhNlkgSWWZAIwmCNAck2mDOh86DeHz1qOTA:1oR7C0:u8Du-QaDTcTrbt44BXbbD7SNetGdO06ddLNlLjvEYKE', '2022-09-08 07:22:20.211567'),
('eqxmt4v8280k2hgfjkvbx9cjyqiwf251', '.eJxVjMsOgyAQRf-FdUNAedll934DmYGh2DaQiK6a_ruauLDbe865X-ZhXbJfG81-iuzOBsFu1xEhvKkcJL6gPCsPtSzzhPxQ-EkbH2ukz-N0_w4ytLzXaGJSllwUqkerEdBRkBoMup7AahPMgCR2DloGsEZIlToAREyuS4L9Ni4HORc:1orudP:6z7X43-GgF73mjqkvc9h62AQP28a16I-E0y7irkLFow', '2022-11-21 10:55:23.910553'),
('erbp2149h6kztvx18bmbihdgsqla17z0', '.eJxVjEEOwiAQRe_C2hCYlgAu3XuGZpgZpGogKe3KeHdt0oVu_3vvv9SE21qmrcsyzazOagB1-h0T0kPqTviO9dY0tbouc9K7og_a9bWxPC-H-3dQsJdvPQoE5AiRRm8HAs8AwYnhjJDJu2wiSoQQrQzZMhOHlAzZ0XofXUD1_gAMQjhB:1oy8Bt:8O3VGvxdzKcsEuzUh4hEihDSPaC4xQMLuV2W_JU7L3c', '2022-12-08 14:36:41.728700'),
('etgprm2a194pazkccifv0rfh8tcipkiv', '.eJxVjEEOwiAQRe_C2hCYlgAu3XuGZpgZpGogKe3KeHdt0oVu_3vvv9SE21qmrcsyzazOagB1-h0T0kPqTviO9dY0tbouc9K7og_a9bWxPC-H-3dQsJdvPQoE5AiRRm8HAs8AwYnhjJDJu2wiSoQQrQzZMhOHlAzZ0XofXUD1_gAMQjhB:1oh4IH:5Kd_SExgAd56SjUhD8Ggynvkr22S6-uFoWhDuhfzikU', '2022-10-22 13:00:45.767759'),
('f5e9gl797ze664entzzibmv09umh5m9m', '.eJxVjEEOwiAQRe_C2hCYlgAu3XuGZpgZpGogKe3KeHdt0oVu_3vvv9SE21qmrcsyzazOagB1-h0T0kPqTviO9dY0tbouc9K7og_a9bWxPC-H-3dQsJdvPQoE5AiRRm8HAs8AwYnhjJDJu2wiSoQQrQzZMhOHlAzZ0XofXUD1_gAMQjhB:1oqnWu:o437wxiSHZ6RSDp_YIETpsl3_lpVfgY_h0DNPcJWPYw', '2022-11-18 09:08:04.700498'),
('f6t2aptc1qgyl3phguvgnc1c0854sk4y', '.eJxVjDsOwjAQBe_iGllaJ_hDSc8ZrN31GgeQLcVJFXF3iJQC2jczb1MR16XEtcscp6QuCgZ1-h0J-Sl1J-mB9d40t7rME-ld0Qft-taSvK6H-3dQsJdvHWDMzOglA7KlMWNwgbwDZ9GNPhNlkgSWWZAIwmCNAck2mDOh86DeHz1qOTA:1oRUxu:7p53iwqR1xixyf6hPGxdXbYT3tuqADXutHws122dM6M', '2022-09-09 08:45:22.346805'),
('f826qdctmt8ugjciqztip4av5mi06uqq', '.eJxVjEEOwiAQRe_C2hCYlgAu3XuGZpgZpGogKe3KeHdt0oVu_3vvv9SE21qmrcsyzazOagB1-h0T0kPqTviO9dY0tbouc9K7og_a9bWxPC-H-3dQsJdvPQoE5AiRRm8HAs8AwYnhjJDJu2wiSoQQrQzZMhOHlAzZ0XofXUD1_gAMQjhB:1oxowr:C49GrSW1QnirAfQBrKLbo06qRC6dWjhh62WSuk-b0hE', '2022-12-07 18:03:53.231800'),
('fapw8zlh8b82c2fa8en4z5dzco4um3ic', '.eJxVjDsOwjAQBe_iGllaJ_hDSc8ZrN31GgeQLcVJFXF3iJQC2jczb1MR16XEtcscp6QuCgZ1-h0J-Sl1J-mB9d40t7rME-ld0Qft-taSvK6H-3dQsJdvHWDMzOglA7KlMWNwgbwDZ9GNPhNlkgSWWZAIwmCNAck2mDOh86DeHz1qOTA:1oR8M6:5lGPK8dLHZwotzJxYGafjQl-D1qh33zWCTmIxoeKKyY', '2022-09-08 08:36:50.650536'),
('fcre4gwmt1iizgwjr1oc1w8sskvpzakv', '.eJxVjEEOwiAQRe_C2hCYlgAu3XuGZpgZpGogKe3KeHdt0oVu_3vvv9SE21qmrcsyzazOagB1-h0T0kPqTviO9dY0tbouc9K7og_a9bWxPC-H-3dQsJdvPQoE5AiRRm8HAs8AwYnhjJDJu2wiSoQQrQzZMhOHlAzZ0XofXUD1_gAMQjhB:1ol0Uy:Rlw0gznUMValS5Wq67rAEYtWxTiFy3akmp1iWf82ppY', '2022-11-02 09:46:08.168148'),
('fdsc00zkv5uj5gs9mb0xgjdnpda62uc5', '.eJxVjDsOwjAQBe_iGllaJ_hDSc8ZrN31GgeQLcVJFXF3iJQC2jczb1MR16XEtcscp6QuCgZ1-h0J-Sl1J-mB9d40t7rME-ld0Qft-taSvK6H-3dQsJdvHWDMzOglA7KlMWNwgbwDZ9GNPhNlkgSWWZAIwmCNAck2mDOh86DeHz1qOTA:1oRSRZ:l9DnDl3Oui9qyDf_ALQsAHuCrpT9EpNXQPjouSl5-30', '2022-09-09 06:03:49.085027'),
('ffckzx4l9up9dxdsyszdtomuetmqh48u', '.eJxVjEEOwiAQRe_C2hCYlgAu3XuGZpgZpGogKe3KeHdt0oVu_3vvv9SE21qmrcsyzazOagB1-h0T0kPqTviO9dY0tbouc9K7og_a9bWxPC-H-3dQsJdvPQoE5AiRRm8HAs8AwYnhjJDJu2wiSoQQrQzZMhOHlAzZ0XofXUD1_gAMQjhB:1otkUm:cyaOl7oumrUq8cUKfepf6mwln6B_wPH3HS_-z8ghXsQ', '2022-11-26 12:30:04.968602'),
('fffdei7xhr7jkntwo95ldpbwvwnm4hik', '.eJxVjEEOwiAQRe_C2hCYlgAu3XuGZpgZpGogKe3KeHdt0oVu_3vvv9SE21qmrcsyzazOagB1-h0T0kPqTviO9dY0tbouc9K7og_a9bWxPC-H-3dQsJdvPQoE5AiRRm8HAs8AwYnhjJDJu2wiSoQQrQzZMhOHlAzZ0XofXUD1_gAMQjhB:1ojawf:UQDzjnejsR2AfSZNf_BPlmt9eP_n_axn_NAyvv6f4cc', '2022-10-29 12:16:53.096550'),
('fi5ufmjry3dz74mjt0u02mzygovicsfp', '.eJxVjEEOgjAQRe_StWksA3Tq0j1nIJ3OjKCmTSisjHdXEha6_e-9_zJj3NZp3Kos48zmYjo0p9-RYnpI3gnfY74Vm0pel5nsrtiDVjsUluf1cP8Oplinb-3QdeiCRweOmVLqNZBPfY8qgo5aAFJqGjg3rJ2qAEUfwAv6oOxb8_4ACH84XQ:1ojDXf:BIGTZfrUPEl50_pFTNsazplsdbrIemzHjNQncxIohd4', '2022-10-28 11:17:31.309306');
INSERT INTO `django_session` (`session_key`, `session_data`, `expire_date`) VALUES
('fji7a0mlogoao3t9l0gfxzkty6jun7yc', '.eJxVjDsOwjAQBe_iGllaJ_hDSc8ZrN31GgeQLcVJFXF3iJQC2jczb1MR16XEtcscp6QuCgZ1-h0J-Sl1J-mB9d40t7rME-ld0Qft-taSvK6H-3dQsJdvHWDMzOglA7KlMWNwgbwDZ9GNPhNlkgSWWZAIwmCNAck2mDOh86DeHz1qOTA:1oR9Hz:4VEhUlNuiEuX0ZtubQOUE4f6N4kvW5XoRo1adl4oUAM', '2022-09-08 09:36:39.475396'),
('fkif7j93o00e9bhnumkoejxobrnp9w01', '.eJxVjEEOwiAQRe_C2hCYlgAu3XuGZpgZpGogKe3KeHdt0oVu_3vvv9SE21qmrcsyzazOagB1-h0T0kPqTviO9dY0tbouc9K7og_a9bWxPC-H-3dQsJdvPQoE5AiRRm8HAs8AwYnhjJDJu2wiSoQQrQzZMhOHlAzZ0XofXUD1_gAMQjhB:1opTed:mqo6dwnvMOhFV6fkcXJWEsbVpSdIbYHo158qDWlVZso', '2022-11-14 17:42:35.282278'),
('fnxmworrtmla1g9d7nswh65s1ef7jyw5', '.eJxVjDsOwjAQBe_iGllaJ_hDSc8ZrN31GgeQLcVJFXF3iJQC2jczb1MR16XEtcscp6QuCgZ1-h0J-Sl1J-mB9d40t7rME-ld0Qft-taSvK6H-3dQsJdvHWDMzOglA7KlMWNwgbwDZ9GNPhNlkgSWWZAIwmCNAck2mDOh86DeHz1qOTA:1oRRag:PyvmOP436DoTFFkbCkB_yWFiJRPGVuyWjTlRx3lDOQs', '2022-09-09 05:09:10.392419'),
('fqf6nmi57gxnk3m33rofukvogmn0hqlw', '.eJxVjEEOgjAQRe_StWksA3Tq0j1nIJ3OjKCmTSisjHdXEha6_e-9_zJj3NZp3Kos48zmYjo0p9-RYnpI3gnfY74Vm0pel5nsrtiDVjsUluf1cP8Oplinb-3QdeiCRweOmVLqNZBPfY8qgo5aAFJqGjg3rJ2qAEUfwAv6oOxb8_4ACH84XQ:1pCawt:TlPeJ9nGoeZsDGc-NGs-t5qWdG0xGz2_BjREXy-vAFo', '2023-01-17 12:08:59.709593'),
('fry0mzfobnqtayk1w2zyzybw7ptvv0un', '.eJxVjDsOwjAQBe_iGllaJ_hDSc8ZrN31GgeQLcVJFXF3iJQC2jczb1MR16XEtcscp6QuCgZ1-h0J-Sl1J-mB9d40t7rME-ld0Qft-taSvK6H-3dQsJdvHWDMzOglA7KlMWNwgbwDZ9GNPhNlkgSWWZAIwmCNAck2mDOh86DeHz1qOTA:1oR8Ge:NCK7ONR16tPAdaL2Ryyoxv8dnFozhvpteE-2Ph2n9mU', '2022-09-08 08:31:12.895303'),
('g40u81lxg20iqgb02pot2bjmrdnpwidh', '.eJxVjEEOwiAQRe_C2hCYlgAu3XuGZpgZpGogKe3KeHdt0oVu_3vvv9SE21qmrcsyzazOagB1-h0T0kPqTviO9dY0tbouc9K7og_a9bWxPC-H-3dQsJdvPQoE5AiRRm8HAs8AwYnhjJDJu2wiSoQQrQzZMhOHlAzZ0XofXUD1_gAMQjhB:1pT0P3:As6FS4xkSuy3wLL9z5ZePYOf_Cbk6Phdyp6vVPneVpo', '2023-03-03 18:33:53.726676'),
('g919x8suwlb72dz1hds1ih7ioyqpcfiq', '.eJxVjEEOwiAQRe_C2hCYlgAu3XuGZpgZpGogKe3KeHdt0oVu_3vvv9SE21qmrcsyzazOagB1-h0T0kPqTviO9dY0tbouc9K7og_a9bWxPC-H-3dQsJdvPQoE5AiRRm8HAs8AwYnhjJDJu2wiSoQQrQzZMhOHlAzZ0XofXUD1_gAMQjhB:1p2Qky:2pzGkTCmtwkHQDWTecQ_5cxxova2GE3vqImoZntlELU', '2022-12-20 11:14:40.085271'),
('gbif91oxswzztyne6zzu2fiv86w02z3g', '.eJxVjEEOwiAQRe_C2hCYlgAu3XuGZpgZpGogKe3KeHdt0oVu_3vvv9SE21qmrcsyzazOagB1-h0T0kPqTviO9dY0tbouc9K7og_a9bWxPC-H-3dQsJdvPQoE5AiRRm8HAs8AwYnhjJDJu2wiSoQQrQzZMhOHlAzZ0XofXUD1_gAMQjhB:1oiT3b:9E73a0cBdtCEqreQGOMyMTcbgnXNDDfPjj5xnOf3OEo', '2022-10-26 09:39:23.502631'),
('ggpi8ugfcz5dvkh0imtl1hawmvsk208g', '.eJxVjDsOwjAQBe_iGllaJ_hDSc8ZrN31GgeQLcVJFXF3iJQC2jczb1MR16XEtcscp6QuCgZ1-h0J-Sl1J-mB9d40t7rME-ld0Qft-taSvK6H-3dQsJdvHWDMzOglA7KlMWNwgbwDZ9GNPhNlkgSWWZAIwmCNAck2mDOh86DeHz1qOTA:1oRSwT:ugpsTnDzVVEFySml48HpRYd7RbVxhO8Upup75ifwaEo', '2022-09-09 06:35:45.455172'),
('glpdq9bywfo56uu9pg8cyv6aiigw5j7c', '.eJxVjEEOwiAQRe_C2hCYlgAu3XuGZpgZpGogKe3KeHdt0oVu_3vvv9SE21qmrcsyzazOagB1-h0T0kPqTviO9dY0tbouc9K7og_a9bWxPC-H-3dQsJdvPQoE5AiRRm8HAs8AwYnhjJDJu2wiSoQQrQzZMhOHlAzZ0XofXUD1_gAMQjhB:1oclZV:HZfEXsHWfrdjmdq-vArsUBq2UeziriCAAfQCFXJlsN8', '2022-10-10 10:42:45.271093'),
('gpko43h83f0pqrqj4xlpo3uh3kkwrcvb', '.eJxVjEEOwiAQRe_C2hCYlgAu3XuGZpgZpGogKe3KeHdt0oVu_3vvv9SE21qmrcsyzazOagB1-h0T0kPqTviO9dY0tbouc9K7og_a9bWxPC-H-3dQsJdvPQoE5AiRRm8HAs8AwYnhjJDJu2wiSoQQrQzZMhOHlAzZ0XofXUD1_gAMQjhB:1pSbTD:Ey2-_MX8Ob7r3aE5Bre_uhV8XzpKf6Lr5lbcCSrB56Q', '2023-03-02 15:56:31.669303'),
('gvgk6kfqhk4wtuue4pb2xgufsw3ezocr', '.eJxVjDsOwjAQBe_iGllaJ_hDSc8ZrN31GgeQLcVJFXF3iJQC2jczb1MR16XEtcscp6QuCgZ1-h0J-Sl1J-mB9d40t7rME-ld0Qft-taSvK6H-3dQsJdvHWDMzOglA7KlMWNwgbwDZ9GNPhNlkgSWWZAIwmCNAck2mDOh86DeHz1qOTA:1oQp8V:OtQVD8GzycvRh0sNp-RA4aDeAd53GUO_ZQEBJ-fneEY', '2022-09-07 12:05:31.950110'),
('h8ioosrr9tkt4f98wc8ku907i6vvw1m4', '.eJxVjDsOwjAQBe_iGllaJ_hDSc8ZrN31GgeQLcVJFXF3iJQC2jczb1MR16XEtcscp6QuCgZ1-h0J-Sl1J-mB9d40t7rME-ld0Qft-taSvK6H-3dQsJdvHWDMzOglA7KlMWNwgbwDZ9GNPhNlkgSWWZAIwmCNAck2mDOh86DeHz1qOTA:1oR8ai:D-IftRWh4yNxsiqrKA_lNRHUE1sorKaI85NF_mXtt9Q', '2022-09-08 08:51:56.700602'),
('h934mu4ojpguq4qzqgs46nfghziiyfa0', '.eJxVjEEOwiAQRe_C2hCYlgAu3XuGZpgZpGogKe3KeHdt0oVu_3vvv9SE21qmrcsyzazOagB1-h0T0kPqTviO9dY0tbouc9K7og_a9bWxPC-H-3dQsJdvPQoE5AiRRm8HAs8AwYnhjJDJu2wiSoQQrQzZMhOHlAzZ0XofXUD1_gAMQjhB:1p0hV3:c2upf-y1riDocxluPpYbW5YlfmOqvV3-7u0sNMNL81E', '2022-12-15 16:43:05.489222'),
('hcacs9fnl8hbkcne5vno7qfuxni5tmj5', '.eJxVjEEOwiAQRe_C2hCYlgAu3XuGZpgZpGogKe3KeHdt0oVu_3vvv9SE21qmrcsyzazOagB1-h0T0kPqTviO9dY0tbouc9K7og_a9bWxPC-H-3dQsJdvPQoE5AiRRm8HAs8AwYnhjJDJu2wiSoQQrQzZMhOHlAzZ0XofXUD1_gAMQjhB:1opj1S:2EtygNsfE9vEeAtmEp49tMrrwvNXi8NDup03EFCpJyc', '2022-11-15 10:07:10.072003'),
('hfck64bjosnydy0k901ca5n1gl33fy1d', '.eJxVjEEOwiAQRe_C2hCYlgAu3XuGZpgZpGogKe3KeHdt0oVu_3vvv9SE21qmrcsyzazOagB1-h0T0kPqTviO9dY0tbouc9K7og_a9bWxPC-H-3dQsJdvPQoE5AiRRm8HAs8AwYnhjJDJu2wiSoQQrQzZMhOHlAzZ0XofXUD1_gAMQjhB:1otQlQ:2A0hUajqfupHt5Xm2h8P_cWMGVTUqVtBFEh6X_Ts4Wo', '2022-11-25 15:25:56.340046'),
('hh4jf3iv33ag9rnodu7mhwdyilvu6bwe', '.eJxVjEEOwiAQRe_C2hCYlgAu3XuGZpgZpGogKe3KeHdt0oVu_3vvv9SE21qmrcsyzazOagB1-h0T0kPqTviO9dY0tbouc9K7og_a9bWxPC-H-3dQsJdvPQoE5AiRRm8HAs8AwYnhjJDJu2wiSoQQrQzZMhOHlAzZ0XofXUD1_gAMQjhB:1opLcT:9ct_nGzLRqssRtvsj4M0Zj6LbIZ0oG1gqYz17vffE4k', '2022-11-14 09:07:49.618850'),
('hlr4z6w24bx5v7vpvbwyo2mumopedlie', '.eJxVjEsOwjAMBe-SNYoSpwkNS_Y9Q2XHNimgVupnhbg7VOoCtm9m3sv0uK213xaZ-4HNxcRkTr8jYXnIuBO-43ibbJnGdR7I7oo96GK7ieV5Pdy_g4pL_dYlupaIsjA6UfSqJMpOIIJT8uGcIGRuc_JNBIkIjQNWhOJdEE3BvD88iTix:1odPjd:j22NSZ6E-uX5tufovAUS8xWb-8ihp83R-uFBiM_-E3g', '2022-10-12 05:35:53.119588'),
('hq9sixxg3q40kfazsdj762em4o55ro6e', '.eJxVjEEOwiAQRe_C2hCYlgAu3XuGZpgZpGogKe3KeHdt0oVu_3vvv9SE21qmrcsyzazOagB1-h0T0kPqTviO9dY0tbouc9K7og_a9bWxPC-H-3dQsJdvPQoE5AiRRm8HAs8AwYnhjJDJu2wiSoQQrQzZMhOHlAzZ0XofXUD1_gAMQjhB:1onXI8:kCImd2HY0QZ9Z3H9Ybwmunm-6P-3r3brXEiYTfORp0E', '2022-11-09 09:11:20.499329'),
('ht69wcc5efas3ijaejh38kv5p48gz4k4', '.eJxVjDsOwjAQBe_iGllaJ_hDSc8ZrN31GgeQLcVJFXF3iJQC2jczb1MR16XEtcscp6QuCgZ1-h0J-Sl1J-mB9d40t7rME-ld0Qft-taSvK6H-3dQsJdvHWDMzOglA7KlMWNwgbwDZ9GNPhNlkgSWWZAIwmCNAck2mDOh86DeHz1qOTA:1oSwwS:qOJ3xmU4XByf67Mb4eG2dVYuAnjko3rkIHUHGbwo52w', '2022-09-13 08:49:52.715676'),
('hxccyvgf6sc9nyo9hzcxi9xyfbg8bwyu', '.eJxVjEEOgjAQRe_StWksA3Tq0j1nIJ3OjKCmTSisjHdXEha6_e-9_zJj3NZp3Kos48zmYjo0p9-RYnpI3gnfY74Vm0pel5nsrtiDVjsUluf1cP8Oplinb-3QdeiCRweOmVLqNZBPfY8qgo5aAFJqGjg3rJ2qAEUfwAv6oOxb8_4ACH84XQ:1ojDUx:Fzj3rli6LVZgQn9CEwvWZcgbqDu2fAAGluQFz1PW5g8', '2022-10-28 11:14:43.764500'),
('icooom7c7m8g5uwy9x5qp61r87ge9kg7', '.eJxVjEEOwiAQRe_C2hCYlgAu3XuGZpgZpGogKe3KeHdt0oVu_3vvv9SE21qmrcsyzazOagB1-h0T0kPqTviO9dY0tbouc9K7og_a9bWxPC-H-3dQsJdvPQoE5AiRRm8HAs8AwYnhjJDJu2wiSoQQrQzZMhOHlAzZ0XofXUD1_gAMQjhB:1ojau7:k99Mk4hLdqMqFwDmtcolM2fC1gIF2EgJT5lJRwgYGAA', '2022-10-29 12:14:15.461892'),
('ihu9r120ueknnjpgloey12z1lsu7hv5l', '.eJxVjEEOwiAQRe_C2hCYlgAu3XuGZpgZpGogKe3KeHdt0oVu_3vvv9SE21qmrcsyzazOagB1-h0T0kPqTviO9dY0tbouc9K7og_a9bWxPC-H-3dQsJdvPQoE5AiRRm8HAs8AwYnhjJDJu2wiSoQQrQzZMhOHlAzZ0XofXUD1_gAMQjhB:1pAkVQ:2mz3SimKc4wDxS2j0_14hr_9AUVkilQ5idtsYVsSSyU', '2023-01-12 09:57:00.857814'),
('ik86q5tsalq9j70c7u6bgf1rzlgpjdvo', '.eJxVjDsOwjAQBe_iGllaJ_hDSc8ZrN31GgeQLcVJFXF3iJQC2jczb1MR16XEtcscp6QuCgZ1-h0J-Sl1J-mB9d40t7rME-ld0Qft-taSvK6H-3dQsJdvHWDMzOglA7KlMWNwgbwDZ9GNPhNlkgSWWZAIwmCNAck2mDOh86DeHz1qOTA:1oSxYY:Q5AuGgxc2edGstLp3YqinfEKQA0FpopWF2w0oRt10Hw', '2022-09-13 09:29:14.469939'),
('iqugik8a0alj22un419hnkp67w9m2bh3', '.eJxVjDsOwjAQBe_iGllaJ_hDSc8ZrN31GgeQLcVJFXF3iJQC2jczb1MR16XEtcscp6QuCgZ1-h0J-Sl1J-mB9d40t7rME-ld0Qft-taSvK6H-3dQsJdvHWDMzOglA7KlMWNwgbwDZ9GNPhNlkgSWWZAIwmCNAck2mDOh86DeHz1qOTA:1oSx9Y:TzzXcnh2BACkJDdZLp2iI44ynMc1bmyk93sngfS1n6s', '2022-09-13 09:03:24.880636'),
('iv7umcps6we0a8e0vssfn8vo16sycyu8', '.eJxVjEEOwiAQRe_C2hCYlgAu3XuGZpgZpGogKe3KeHdt0oVu_3vvv9SE21qmrcsyzazOagB1-h0T0kPqTviO9dY0tbouc9K7og_a9bWxPC-H-3dQsJdvPQoE5AiRRm8HAs8AwYnhjJDJu2wiSoQQrQzZMhOHlAzZ0XofXUD1_gAMQjhB:1oY08Q:95uWOxfMD6yPIu0VjnVo0clenTUooLGaKjSBMVzdmHo', '2022-09-27 07:15:06.368368'),
('iwxc30gdbj8zvu6gqutwl33a3b6isiqz', '.eJxVjEEOwiAQRe_C2hCYlgAu3XuGZpgZpGogKe3KeHdt0oVu_3vvv9SE21qmrcsyzazOagB1-h0T0kPqTviO9dY0tbouc9K7og_a9bWxPC-H-3dQsJdvPQoE5AiRRm8HAs8AwYnhjJDJu2wiSoQQrQzZMhOHlAzZ0XofXUD1_gAMQjhB:1p3W5j:M78Mj33r9fA9zWe4KV-bXhgN_STI97MQ0KsAgQ_wfeU', '2022-12-23 11:08:35.580792'),
('iybk65c9vxsvzmgllj35pkq0l19095m8', '.eJxVjEEOwiAQRe_C2hCYlgAu3XuGZpgZpGogKe3KeHdt0oVu_3vvv9SE21qmrcsyzazOagB1-h0T0kPqTviO9dY0tbouc9K7og_a9bWxPC-H-3dQsJdvPQoE5AiRRm8HAs8AwYnhjJDJu2wiSoQQrQzZMhOHlAzZ0XofXUD1_gAMQjhB:1p0deM:jAT7N9k8efFAP5WQjnFJXBneSgIURasEWixS--NMmbo', '2022-12-15 12:36:26.877134'),
('iyclfgcnuyup93t1sgm989lny7301oyv', '.eJxVjDsOwjAQBe_iGllaJ_hDSc8ZrN31GgeQLcVJFXF3iJQC2jczb1MR16XEtcscp6QuCgZ1-h0J-Sl1J-mB9d40t7rME-ld0Qft-taSvK6H-3dQsJdvHWDMzOglA7KlMWNwgbwDZ9GNPhNlkgSWWZAIwmCNAck2mDOh86DeHz1qOTA:1oRBOA:9ogHc7idb2lY2xMH3rygNaB0Qs105zpIcTqNYZkdWXs', '2022-09-08 11:51:10.703005'),
('iyd35fkydo2wp01kdg4zgjzusxelhp0j', '.eJxVjMsOwiAQRf-FtSGlM1Bw6d5vaKbMIFUDSR8r478rSRe6veec-1Ij7Vse91WWcWZ1VmDU6XecKD6kNMJ3KreqYy3bMk-6Kfqgq75WluflcP8OMq35W6NAYO8SUxLHHYKVwTo2ggSIYBoCiBZDjwn80PWdUEzBB0zGWFTvDwcPN4k:1ogQE8:qHF93SlUKQwxSqIGP7miUU-RPB6tlVQXSDHx_CPwllk', '2022-10-20 12:43:48.756162'),
('j23q7e7v3fre4dqnnma1yii6ue0qd531', '.eJxVjMsOgyAQRf-FdUNAedll934DmYGh2DaQiK6a_ruauLDbe865X-ZhXbJfG81-iuzO3MBu1xEhvKkcJL6gPCsPtSzzhPxQ-EkbH2ukz-N0_w4ytLzXaGJSllwUqkerEdBRkBoMup7AahPMgCR2DloGsEZIlToAREyuS4L9NjLOOR8:1ortup:kmNx_nkaaZk2SKPSL9S3Dkw617_y_VPb-aokPq_ft34', '2022-11-21 10:09:19.623080'),
('jckakr568yndyok927yqiv42ce16sknk', '.eJxVjEEOwiAQRe_C2hCYlgAu3XuGZpgZpGogKe3KeHdt0oVu_3vvv9SE21qmrcsyzazOagB1-h0T0kPqTviO9dY0tbouc9K7og_a9bWxPC-H-3dQsJdvPQoE5AiRRm8HAs8AwYnhjJDJu2wiSoQQrQzZMhOHlAzZ0XofXUD1_gAMQjhB:1ocmGD:vOqk20ckhyG4WydQTS1rZoeKJN3NyOojTWm_G9N4Tdg', '2022-10-10 11:26:53.691650'),
('jijlt88pwjc9ttujbvsq4cjyry432ao4', '.eJxVjEEOgjAQRe_StWksA3Tq0j1nIJ3OjKCmTSisjHdXEha6_e-9_zJj3NZp3Kos48zmYjo0p9-RYnpI3gnfY74Vm0pel5nsrtiDVjsUluf1cP8Oplinb-3QdeiCRweOmVLqNZBPfY8qgo5aAFJqGjg3rJ2qAEUfwAv6oOxb8_4ACH84XQ:1okeoM:r89EmtEXYK3mv6_z9U98OZvDODobJKYh81ZJdP-YpRg', '2022-11-01 10:36:42.347637'),
('jrn64r7kae6rmmpuogi8z8zcy50o7vc7', '.eJxVjEEOwiAQRe_C2hCYlgAu3XuGZpgZpGogKe3KeHdt0oVu_3vvv9SE21qmrcsyzazOagB1-h0T0kPqTviO9dY0tbouc9K7og_a9bWxPC-H-3dQsJdvPQoE5AiRRm8HAs8AwYnhjJDJu2wiSoQQrQzZMhOHlAzZ0XofXUD1_gAMQjhB:1odril:1eLSLfIiIbYFD3C7zSAcRNQUQfn-Vo1xa2bZcU98oFQ', '2022-10-13 11:28:51.535545'),
('jwoeasm4unkkwhkszgvs0w43mgmr63es', '.eJxVjEEOwiAQRe_C2hCYlgAu3XuGZpgZpGogKe3KeHdt0oVu_3vvv9SE21qmrcsyzazOagB1-h0T0kPqTviO9dY0tbouc9K7og_a9bWxPC-H-3dQsJdvPQoE5AiRRm8HAs8AwYnhjJDJu2wiSoQQrQzZMhOHlAzZ0XofXUD1_gAMQjhB:1om8OC:OV-XabhME6aSNOXvtqwbsg4f00dXUGz-3px3Et4YHOs', '2022-11-05 12:23:48.604562'),
('k17qmktnecjfob197kzvinwmb52k9t58', '.eJxVjEEOwiAQRe_C2hCYlgAu3XuGZpgZpGogKe3KeHdt0oVu_3vvv9SE21qmrcsyzazOagB1-h0T0kPqTviO9dY0tbouc9K7og_a9bWxPC-H-3dQsJdvPQoE5AiRRm8HAs8AwYnhjJDJu2wiSoQQrQzZMhOHlAzZ0XofXUD1_gAMQjhB:1ofw5L:Ziarrpl9Zxt3qSRXu9_dUAd9fEI7JECXFx16cpUvSAc', '2022-10-19 04:32:43.316795'),
('k46i62y3h68ar13ya8wnpdzikvlgc4y1', '.eJxVjEEOwiAQRe_C2hCYlgAu3XuGZpgZpGogKe3KeHdt0oVu_3vvv9SE21qmrcsyzazOagB1-h0T0kPqTviO9dY0tbouc9K7og_a9bWxPC-H-3dQsJdvPQoE5AiRRm8HAs8AwYnhjJDJu2wiSoQQrQzZMhOHlAzZ0XofXUD1_gAMQjhB:1okOlK:1NB6sPQ-86FsVLS_9T4d7e4WdHlaFPeLKRwTaYB5SRc', '2022-10-31 17:28:30.357426'),
('k5hq3zp9n7e90etwe2qckkkykta32hax', '.eJxVjEEOwiAQRe_C2hCYlgAu3XuGZpgZpGogKe3KeHdt0oVu_3vvv9SE21qmrcsyzazOagB1-h0T0kPqTviO9dY0tbouc9K7og_a9bWxPC-H-3dQsJdvPQoE5AiRRm8HAs8AwYnhjJDJu2wiSoQQrQzZMhOHlAzZ0XofXUD1_gAMQjhB:1oiwaH:k5fSloLbeYIURjw_EDO5VkgtZNgKjUmLGtKP93cFcbc', '2022-10-27 17:11:05.699131'),
('k7f12qkvxelv3owwmmryhzmabr0u0px6', '.eJxVjDsOwjAQBe_iGllaJ_hDSc8ZrN31GgeQLcVJFXF3iJQC2jczb1MR16XEtcscp6QuCgZ1-h0J-Sl1J-mB9d40t7rME-ld0Qft-taSvK6H-3dQsJdvHWDMzOglA7KlMWNwgbwDZ9GNPhNlkgSWWZAIwmCNAck2mDOh86DeHz1qOTA:1oT0CT:X8WgOEKO_A_MKJRDOIyz60oNsiAUYEEFGEk6xWVFiy0', '2022-09-13 12:18:37.168035'),
('kj2ty9uiwvij85d7b0tryfphdhqbenw3', '.eJxVjEEOwiAQRe_C2hCYlgAu3XuGZpgZpGogKe3KeHdt0oVu_3vvv9SE21qmrcsyzazOagB1-h0T0kPqTviO9dY0tbouc9K7og_a9bWxPC-H-3dQsJdvPQoE5AiRRm8HAs8AwYnhjJDJu2wiSoQQrQzZMhOHlAzZ0XofXUD1_gAMQjhB:1oszjQ:pgTyhIlRj2j5dI_3cf5F5i_sxSEL2a1JAsuCKHJFhks', '2022-11-24 10:34:04.926742'),
('kmdkep2eov9i4dglm6h2kqldokyp6kvo', '.eJxVjEEOwiAQRe_C2hCYlgAu3XuGZpgZpGogKe3KeHdt0oVu_3vvv9SE21qmrcsyzazOagB1-h0T0kPqTviO9dY0tbouc9K7og_a9bWxPC-H-3dQsJdvPQoE5AiRRm8HAs8AwYnhjJDJu2wiSoQQrQzZMhOHlAzZ0XofXUD1_gAMQjhB:1oVs1h:vxSgVhKnbDhC5VE59ToK7rm3oCBBQDeltVcCkgXT7Ag', '2022-09-21 10:11:21.934776'),
('ksq24wg084jrydkfqk0fbw0rrtvmyiy8', '.eJxVjEsOwjAMBe-SNYqM0nzMkj1nqNzYJgWUSk27qrg7VOoCtm9m3mZ6WpfSr03mfmRzMRHN6XccKD-l7oQfVO-TzVNd5nGwu2IP2uxtYnldD_fvoFAr37oTEWB2GiCiQlAiR6CK2cM5eY4dpqzqxBEC5gGDJI_AGmIEl5x5fwAvNThh:1oqCw8:lYQD4YcfzmDrxw5FjQPTEkGZgsifcV-4dUz-ZmeNx-s', '2022-11-16 18:03:40.290960'),
('kupcuezsikgap4myl5m3nmvmecqtiq39', '.eJxVjEEOwiAQRe_C2hCYlgAu3XuGZpgZpGogKe3KeHdt0oVu_3vvv9SE21qmrcsyzazOagB1-h0T0kPqTviO9dY0tbouc9K7og_a9bWxPC-H-3dQsJdvPQoE5AiRRm8HAs8AwYnhjJDJu2wiSoQQrQzZMhOHlAzZ0XofXUD1_gAMQjhB:1oY4DS:8VgrFplkGxXF7Od-EhVw6A-33WcG0I6iVNcXC-NgDIk', '2022-09-27 11:36:34.835278'),
('kwrsc1giwpaki7m6aqu08favmk73fmg3', '.eJxVjEEOwiAQRe_C2hCYlgAu3XuGZpgZpGogKe3KeHdt0oVu_3vvv9SE21qmrcsyzazOagB1-h0T0kPqTviO9dY0tbouc9K7og_a9bWxPC-H-3dQsJdvPQoE5AiRRm8HAs8AwYnhjJDJu2wiSoQQrQzZMhOHlAzZ0XofXUD1_gAMQjhB:1ousIM:UfKGpU14-8Y6Rp3N_BlVK7s91QCT9c6JHUWFm_wK06k', '2022-11-29 15:01:54.342406'),
('kx4rg00e7sfkpdb0ixm80gjk54zsq8z8', '.eJxVjEEOwiAQRe_C2hCYlgAu3XuGZpgZpGogKe3KeHdt0oVu_3vvv9SE21qmrcsyzazOagB1-h0T0kPqTviO9dY0tbouc9K7og_a9bWxPC-H-3dQsJdvPQoE5AiRRm8HAs8AwYnhjJDJu2wiSoQQrQzZMhOHlAzZ0XofXUD1_gAMQjhB:1opTmP:bGqBn6MDzxX2c8E0R5dp8_af_WPmx6rQafPzGzLkpPo', '2022-11-14 17:50:37.934425'),
('l0rdu1s362fezf2ublqkhveofycieefm', '.eJxVjEEOwiAQRe_C2hCYlgAu3XuGZpgZpGogKe3KeHdt0oVu_3vvv9SE21qmrcsyzazOagB1-h0T0kPqTviO9dY0tbouc9K7og_a9bWxPC-H-3dQsJdvPQoE5AiRRm8HAs8AwYnhjJDJu2wiSoQQrQzZMhOHlAzZ0XofXUD1_gAMQjhB:1odnbY:mkGgi9I3NDKz_gr-mCQW6KlUzFxl6oxjPB_KLbizmbA', '2022-10-13 07:05:08.348098'),
('l7gkz1ls7hdh3e39zifuyprooxabwa5u', '.eJxVjEEOwiAQRe_C2hCYlgAu3XuGZpgZpGogKe3KeHdt0oVu_3vvv9SE21qmrcsyzazOagB1-h0T0kPqTviO9dY0tbouc9K7og_a9bWxPC-H-3dQsJdvPQoE5AiRRm8HAs8AwYnhjJDJu2wiSoQQrQzZMhOHlAzZ0XofXUD1_gAMQjhB:1ojH48:zoRFg62biWBIw1L0yNgiZhnqyhQlXPUNi5IsXDturKk', '2022-10-28 15:03:16.946498'),
('l8677khbfmoa9em6cepcd5vnqnohv7hx', '.eJxVjEEOwiAQRe_C2hCYlgAu3XuGZpgZpGogKe3KeHdt0oVu_3vvv9SE21qmrcsyzazOagB1-h0T0kPqTviO9dY0tbouc9K7og_a9bWxPC-H-3dQsJdvPQoE5AiRRm8HAs8AwYnhjJDJu2wiSoQQrQzZMhOHlAzZ0XofXUD1_gAMQjhB:1ocmjU:4fjhpByYFNt2oI7wRAR9chKiDnava_eayKAdN6wiMzw', '2022-10-10 11:57:08.225426'),
('l8jpg5ct6an4mqkn6sqt9qd9ur9003wi', '.eJxVjEEOwiAQRe_C2hCYlgAu3XuGZpgZpGogKe3KeHdt0oVu_3vvv9SE21qmrcsyzazOagB1-h0T0kPqTviO9dY0tbouc9K7og_a9bWxPC-H-3dQsJdvPQoE5AiRRm8HAs8AwYnhjJDJu2wiSoQQrQzZMhOHlAzZ0XofXUD1_gAMQjhB:1od3bP:kSsww2oAbCGPyFwpUJq8l66Ht4dGbYQK-nVFD-5lIck', '2022-10-11 05:57:55.762487'),
('l8m9zj2hazlpyo54rrp3bvwz0r98ox4x', '.eJxVjEEOwiAQRe_C2hCYlgAu3XuGZpgZpGogKe3KeHdt0oVu_3vvv9SE21qmrcsyzazOagB1-h0T0kPqTviO9dY0tbouc9K7og_a9bWxPC-H-3dQsJdvPQoE5AiRRm8HAs8AwYnhjJDJu2wiSoQQrQzZMhOHlAzZ0XofXUD1_gAMQjhB:1oyUfc:p8cys96RdiRqX2NBNOA9eWwPX0s5XFd-juvpHNpMIuc', '2022-12-09 14:36:52.865475'),
('lggmgxcur1blm594lo373jrz8uvpkk28', '.eJxVjEEOwiAQRe_C2hCYlgAu3XuGZpgZpGogKe3KeHdt0oVu_3vvv9SE21qmrcsyzazOagB1-h0T0kPqTviO9dY0tbouc9K7og_a9bWxPC-H-3dQsJdvPQoE5AiRRm8HAs8AwYnhjJDJu2wiSoQQrQzZMhOHlAzZ0XofXUD1_gAMQjhB:1oe7ra:xLeMYqDmp9fEuIb7qgN9S1srT0prp0oIR6J1KzVjaWA', '2022-10-14 04:43:02.221511'),
('lnrz89rwieom5u7cdrhh2iwt4us919b3', '.eJxVjEEOwiAQRe_C2hCYlgAu3XuGZpgZpGogKe3KeHdt0oVu_3vvv9SE21qmrcsyzazOagB1-h0T0kPqTviO9dY0tbouc9K7og_a9bWxPC-H-3dQsJdvPQoE5AiRRm8HAs8AwYnhjJDJu2wiSoQQrQzZMhOHlAzZ0XofXUD1_gAMQjhB:1od7N6:ZRGDJGdWvCP5WWiJHGLkwY91l_6helZnB_FIMLpvpYc', '2022-10-11 09:59:24.772597'),
('loxsf74rnttiz1zs3n7lvnwsod9htue4', '.eJxVjEEOgjAQRe_StWksA3Tq0j1nIJ3OjKCmTSisjHdXEha6_e-9_zJj3NZp3Kos48zmYjo0p9-RYnpI3gnfY74Vm0pel5nsrtiDVjsUluf1cP8Oplinb-3QdeiCRweOmVLqNZBPfY8qgo5aAFJqGjg3rJ2qAEUfwAv6oOxb8_4ACH84XQ:1ojDTG:bTMcilEuxiKeEgy8cxHE03rvDh5lgsEXQQVCQjiB3Xo', '2022-10-28 11:12:58.070527'),
('lrib226ir0npry3g0cko3wfgsnqrn2lo', '.eJxVjDsOwjAQBe_iGllaJ_hDSc8ZrN31GgeQLcVJFXF3iJQC2jczb1MR16XEtcscp6QuCgZ1-h0J-Sl1J-mB9d40t7rME-ld0Qft-taSvK6H-3dQsJdvHWDMzOglA7KlMWNwgbwDZ9GNPhNlkgSWWZAIwmCNAck2mDOh86DeHz1qOTA:1oSy6c:0HJ9K-lNKkHah8uORe5e0--XaQykXBBHM_CrNPBaPZQ', '2022-09-13 10:04:26.232666'),
('lt6l7mdd346kfhbnalbr09gdgsg99bam', '.eJxVjEEOwiAQRe_C2hCYlgAu3XuGZpgZpGogKe3KeHdt0oVu_3vvv9SE21qmrcsyzazOagB1-h0T0kPqTviO9dY0tbouc9K7og_a9bWxPC-H-3dQsJdvPQoE5AiRRm8HAs8AwYnhjJDJu2wiSoQQrQzZMhOHlAzZ0XofXUD1_gAMQjhB:1orBMz:9nY9eA7Qvr74458j04oBDSeJ0yNhMcKmyeW2BjR5pkA', '2022-11-19 10:35:25.563118'),
('m3avwyjombr979dh215zpx74kcucsd9s', '.eJxVjDsOwjAQBe_iGllaJ_hDSc8ZrN31GgeQLcVJFXF3iJQC2jczb1MR16XEtcscp6QuCgZ1-h0J-Sl1J-mB9d40t7rME-ld0Qft-taSvK6H-3dQsJdvHWDMzOglA7KlMWNwgbwDZ9GNPhNlkgSWWZAIwmCNAck2mDOh86DeHz1qOTA:1oTPdm:UD42zIiFEu92PtVt3Se3vArxuj07ynEcnVVqGjOru2c', '2022-09-14 15:28:30.878438'),
('m6xbpag8vvzexmw2or3buqjzlu8j7ymc', '.eJxVjDsOwjAQBe_iGllaJ_hDSc8ZrN31GgeQLcVJFXF3iJQC2jczb1MR16XEtcscp6QuCgZ1-h0J-Sl1J-mB9d40t7rME-ld0Qft-taSvK6H-3dQsJdvHWDMzOglA7KlMWNwgbwDZ9GNPhNlkgSWWZAIwmCNAck2mDOh86DeHz1qOTA:1oQkY4:YXP5-EkJSn4euUSLyaGmYPj3gpPHWQ4IX9qphrF5qew', '2022-09-07 07:11:36.966744'),
('m9zvhftjvcs2fbedh1fo0865ryp9s3qx', '.eJxVjEEOwiAQRe_C2hCYlgAu3XuGZpgZpGogKe3KeHdt0oVu_3vvv9SE21qmrcsyzazOagB1-h0T0kPqTviO9dY0tbouc9K7og_a9bWxPC-H-3dQsJdvPQoE5AiRRm8HAs8AwYnhjJDJu2wiSoQQrQzZMhOHlAzZ0XofXUD1_gAMQjhB:1ockX7:uq-a82AnZFomAdDQDnRiAwBYzrixfZDrAG3XEZOyMuk', '2022-10-10 09:36:13.645906'),
('mc16uvcarv6iiws4nhk4t2qgw0vw94m2', '.eJxVjDsOwjAQBe_iGllaJ_hDSc8ZrN31GgeQLcVJFXF3iJQC2jczb1MR16XEtcscp6QuCgZ1-h0J-Sl1J-mB9d40t7rME-ld0Qft-taSvK6H-3dQsJdvHWDMzOglA7KlMWNwgbwDZ9GNPhNlkgSWWZAIwmCNAck2mDOh86DeHz1qOTA:1oTJr0:o88HHXjX9y3xmpoTfYq6PbT04WRj2vT54OGtq3rOPKM', '2022-09-14 09:17:46.963363'),
('md5jxzfcjt48842vd8ua83rm9wpwa3jd', '.eJxVjEEOwiAQRe_C2hCYlgAu3XuGZpgZpGogKe3KeHdt0oVu_3vvv9SE21qmrcsyzazOagB1-h0T0kPqTviO9dY0tbouc9K7og_a9bWxPC-H-3dQsJdvPQoE5AiRRm8HAs8AwYnhjJDJu2wiSoQQrQzZMhOHlAzZ0XofXUD1_gAMQjhB:1obFNF:46SNA9LF6tiSTErPMmQXDsF6QGmdr89v8cKbjr9jF_U', '2022-10-06 06:07:49.848499'),
('mti4uhu380jd8deg8yy9v1up3yl6i1o0', '.eJxVjEEOgjAQRe_StWksA3Tq0j1nIJ3OjKCmTSisjHdXEha6_e-9_zJj3NZp3Kos48zmYjo0p9-RYnpI3gnfY74Vm0pel5nsrtiDVjsUluf1cP8Oplinb-3QdeiCRweOmVLqNZBPfY8qgo5aAFJqGjg3rJ2qAEUfwAv6oOxb8_4ACH84XQ:1ogNTG:mPsEfhOC3a1k_uR-bvZz9HHVdlcrhDTaKv0tN-1_Q2I', '2022-10-20 09:47:14.119982'),
('myybngdwn5onrw2zzlj34ig2n8mknajr', '.eJxVjEEOwiAQRe_C2hCYlgAu3XuGZpgZpGogKe3KeHdt0oVu_3vvv9SE21qmrcsyzazOagB1-h0T0kPqTviO9dY0tbouc9K7og_a9bWxPC-H-3dQsJdvPQoE5AiRRm8HAs8AwYnhjJDJu2wiSoQQrQzZMhOHlAzZ0XofXUD1_gAMQjhB:1ol83z:jOnx3gbdKGI05C3XPdnSORfsxyZQiZtp9mTkhyCpETQ', '2022-11-02 17:50:47.200186'),
('mzw89zrm1yqvbyfuol1ey07gr1xh3izw', '.eJxVjEEOwiAQRe_C2hCYlgAu3XuGZpgZpGogKe3KeHdt0oVu_3vvv9SE21qmrcsyzazOagB1-h0T0kPqTviO9dY0tbouc9K7og_a9bWxPC-H-3dQsJdvPQoE5AiRRm8HAs8AwYnhjJDJu2wiSoQQrQzZMhOHlAzZ0XofXUD1_gAMQjhB:1om7RN:hlWOB7x9C8o23tOhHaILfZ67-LesbNFtARVsqnQUwO4', '2022-11-05 11:23:01.019826'),
('n33quwme20f266sq3z2ymfo22eufp9ge', '.eJxVjEEOwiAQRe_C2hCYlgAu3XuGZpgZpGogKe3KeHdt0oVu_3vvv9SE21qmrcsyzazOagB1-h0T0kPqTviO9dY0tbouc9K7og_a9bWxPC-H-3dQsJdvPQoE5AiRRm8HAs8AwYnhjJDJu2wiSoQQrQzZMhOHlAzZ0XofXUD1_gAMQjhB:1oonTF:4Z3kjFf0mGZvo0PPnP3_BRHBx6bDP089Hxn4Hm5MuXY', '2022-11-12 20:40:01.147699'),
('nbj5w9qsryzwnidc8xo8cu4rljovqtii', '.eJxVjEEOwiAQRe_C2hCYlgAu3XuGZpgZpGogKe3KeHdt0oVu_3vvv9SE21qmrcsyzazOagB1-h0T0kPqTviO9dY0tbouc9K7og_a9bWxPC-H-3dQsJdvPQoE5AiRRm8HAs8AwYnhjJDJu2wiSoQQrQzZMhOHlAzZ0XofXUD1_gAMQjhB:1okl1D:pSlHVeqo5x-DpzHPeK7NxMpZMINrnXVgswtkUMZwS5w', '2022-11-01 17:14:23.555199'),
('ncr32g7n2aqwgslqjwc69ub70zlzwxe2', '.eJxVjEEOwiAQRe_C2hCgUKhL956BDDODVA0kpV0Z765NutDtf-_9l4iwrSVunZc4kziLwYvT75gAH1x3Qneotyax1XWZk9wVedAur434eTncv4MCvXzrDIQu5IwcHLL3o9KMrEEBBKfypK1zQOPkBzuF0XkTcKBsMxpvyCQl3h8yxTh6:1oclKG:_GO9VZTf2EEbqjXmtozzDFDErjCJansQUqzHd3IMNZ4', '2022-10-10 10:27:00.592186'),
('ndgh0d64m2csl5h6vlc9sawxdtncwsga', '.eJxVjEEOwiAQRe_C2hCYlgAu3XuGZpgZpGogKe3KeHdt0oVu_3vvv9SE21qmrcsyzazOagB1-h0T0kPqTviO9dY0tbouc9K7og_a9bWxPC-H-3dQsJdvPQoE5AiRRm8HAs8AwYnhjJDJu2wiSoQQrQzZMhOHlAzZ0XofXUD1_gAMQjhB:1ock3r:28p4Uo4mUCA0H8phcTJ8kyNHbA0H6O1HFMaqXkzy28I', '2022-10-10 09:05:59.772301'),
('nki3bu8doqevxs1ut2jwiivtxaph1t1o', '.eJxVjEEOwiAQRe_C2hCYlgAu3XuGZpgZpGogKe3KeHdt0oVu_3vvv9SE21qmrcsyzazOagB1-h0T0kPqTviO9dY0tbouc9K7og_a9bWxPC-H-3dQsJdvPQoE5AiRRm8HAs8AwYnhjJDJu2wiSoQQrQzZMhOHlAzZ0XofXUD1_gAMQjhB:1olRS1:x6C1QBVvy_ttJLGtUgn93cYdhe-rg0_i1cLg0vsoEbw', '2022-11-03 14:32:53.388249'),
('nso2ds2mhwkesdf8e70r688yaq72yfcv', '.eJxVjEEOwiAQRe_C2hCYlgAu3XuGZpgZpGogKe3KeHdt0oVu_3vvv9SE21qmrcsyzazOagB1-h0T0kPqTviO9dY0tbouc9K7og_a9bWxPC-H-3dQsJdvPQoE5AiRRm8HAs8AwYnhjJDJu2wiSoQQrQzZMhOHlAzZ0XofXUD1_gAMQjhB:1pSyYc:E5Wh47DElI0pauJTZs2eTA4cjt4kCeS2EEnLY_IypcQ', '2023-03-03 16:35:38.863392'),
('ntyy7tbj616mh9pdy2ldovaiuz9zqvim', '.eJxVjEEOwiAQRe_C2hCYlgAu3XuGZpgZpGogKe3KeHdt0oVu_3vvv9SE21qmrcsyzazOagB1-h0T0kPqTviO9dY0tbouc9K7og_a9bWxPC-H-3dQsJdvPQoE5AiRRm8HAs8AwYnhjJDJu2wiSoQQrQzZMhOHlAzZ0XofXUD1_gAMQjhB:1ockj8:XdZpPcWxcFxixYt-1bPHFCVAEL3C-PKuo0ci3Rx77I8', '2022-10-10 09:48:38.615180'),
('nwfpnvnn0ar3hd3g01hazr21imznus1l', '.eJxVjEEOwiAQRe_C2hCYlgAu3XuGZpgZpGogKe3KeHdt0oVu_3vvv9SE21qmrcsyzazOagB1-h0T0kPqTviO9dY0tbouc9K7og_a9bWxPC-H-3dQsJdvPQoE5AiRRm8HAs8AwYnhjJDJu2wiSoQQrQzZMhOHlAzZ0XofXUD1_gAMQjhB:1oplBw:xHhKn9IxcDyaRnWa_LL9wrYPAXbR1uhQVcDS6CyLOQE', '2022-11-15 12:26:08.148134'),
('o1rph7sme4tis01kokbn1wt3gumfj14o', '.eJxVjEEOwiAQRe_C2hCYlgAu3XuGZpgZpGogKe3KeHdt0oVu_3vvv9SE21qmrcsyzazOagB1-h0T0kPqTviO9dY0tbouc9K7og_a9bWxPC-H-3dQsJdvPQoE5AiRRm8HAs8AwYnhjJDJu2wiSoQQrQzZMhOHlAzZ0XofXUD1_gAMQjhB:1oiST8:3iD6IW5i36Ao90lkEI9qHSSpmMQa7Jxo0VItVTjIWZI', '2022-10-26 09:01:42.120038'),
('o3ftsnj42wdm6ycu825nwddy3iecm53v', '.eJxVjEEOwiAQRe_C2hCYlgAu3XuGZpgZpGogKe3KeHdt0oVu_3vvv9SE21qmrcsyzazOagB1-h0T0kPqTviO9dY0tbouc9K7og_a9bWxPC-H-3dQsJdvPQoE5AiRRm8HAs8AwYnhjJDJu2wiSoQQrQzZMhOHlAzZ0XofXUD1_gAMQjhB:1p0igC:Hcn-WFWPv4qcbHS3HG6toI0MfHe0fGnQAFfL80TPK2o', '2022-12-15 17:58:40.464547'),
('o4adywdbkwrbolpuc1wsgl1ipt7uuyet', '.eJxVjDsOwjAQBe_iGllaJ_hDSc8ZrN31GgeQLcVJFXF3iJQC2jczb1MR16XEtcscp6QuCgZ1-h0J-Sl1J-mB9d40t7rME-ld0Qft-taSvK6H-3dQsJdvHWDMzOglA7KlMWNwgbwDZ9GNPhNlkgSWWZAIwmCNAck2mDOh86DeHz1qOTA:1oRRTo:_BgqKRVCCygmljWvM6KVLMOmbkuGcWN8kONUfjY3yhk', '2022-09-09 05:02:04.616873'),
('o61pecf47r36k2cg5vwpskchlysz5qab', '.eJxVjEEOwiAQRe_C2hCYlgAu3XuGZpgZpGogKe3KeHdt0oVu_3vvv9SE21qmrcsyzazOagB1-h0T0kPqTviO9dY0tbouc9K7og_a9bWxPC-H-3dQsJdvPQoE5AiRRm8HAs8AwYnhjJDJu2wiSoQQrQzZMhOHlAzZ0XofXUD1_gAMQjhB:1ocmpa:OUws7CeM68Iep3lVNoR0sMfBS3O8CdSnm0JmX_7azLw', '2022-10-10 12:03:26.327614'),
('o76ratpjx5hsv6rror8rhbpwbp5mhtpn', '.eJxVjEEOgjAQRe_StWksA3Tq0j1nIJ3OjKCmTSisjHdXEha6_e-9_zJj3NZp3Kos48zmYjo0p9-RYnpI3gnfY74Vm0pel5nsrtiDVjsUluf1cP8Oplinb-3QdeiCRweOmVLqNZBPfY8qgo5aAFJqGjg3rJ2qAEUfwAv6oOxb8_4ACH84XQ:1ojDS5:kvQGX2BrBGhgJDlLBLNPVD-9wrxMPCxc65cnHICtL6M', '2022-10-28 11:11:45.949873'),
('o8zhseteprr4w0paqe549lsvl683l1ew', '.eJxVjEEOwiAQRe_C2hCYlgAu3XuGZpgZpGogKe3KeHdt0oVu_3vvv9SE21qmrcsyzazOagB1-h0T0kPqTviO9dY0tbouc9K7og_a9bWxPC-H-3dQsJdvPQoE5AiRRm8HAs8AwYnhjJDJu2wiSoQQrQzZMhOHlAzZ0XofXUD1_gAMQjhB:1oqRGh:EBgGC5e2iS8tPmTeU8hkhRs8sVb-NFBH7z0xMCEjxjw', '2022-11-17 09:21:51.550620'),
('oadzat9yvyyb2paxyjfuw2ijh950g51p', '.eJxVjDsOwjAQBe_iGllaJ_hDSc8ZrN31GgeQLcVJFXF3iJQC2jczb1MR16XEtcscp6QuCgZ1-h0J-Sl1J-mB9d40t7rME-ld0Qft-taSvK6H-3dQsJdvHWDMzOglA7KlMWNwgbwDZ9GNPhNlkgSWWZAIwmCNAck2mDOh86DeHz1qOTA:1oQpLR:Gb9pBn68Lyd2QkOIkSv8E2L9MGAEqSqFU0X8_EiNzMw', '2022-09-07 12:18:53.945549'),
('oblicb4u3o12bm9ice7lvp7v0aku1e7u', '.eJxVjEEOwiAQRe_C2hCYlgAu3XuGZpgZpGogKe3KeHdt0oVu_3vvv9SE21qmrcsyzazOagB1-h0T0kPqTviO9dY0tbouc9K7og_a9bWxPC-H-3dQsJdvPQoE5AiRRm8HAs8AwYnhjJDJu2wiSoQQrQzZMhOHlAzZ0XofXUD1_gAMQjhB:1oclaQ:Q9RkvOXAKVY100aG5p8JjYw84IeVAxd_pinQOzpuccI', '2022-10-10 10:43:42.519001'),
('oi6mwisjmbqjufab14fdks6hugprqvzn', '.eJxVjEEOwiAQRe_C2hCYlgAu3XuGZpgZpGogKe3KeHdt0oVu_3vvv9SE21qmrcsyzazOagB1-h0T0kPqTviO9dY0tbouc9K7og_a9bWxPC-H-3dQsJdvPQoE5AiRRm8HAs8AwYnhjJDJu2wiSoQQrQzZMhOHlAzZ0XofXUD1_gAMQjhB:1oipoO:0KTmxD5Nq2dab3fOPq43A_oj2JAfyVd6eOnOHwQorhs', '2022-10-27 09:57:12.266404'),
('oirersqd2bt104t1gfcmc48uis99vu3g', '.eJxVjEEOwiAQRe_C2hCYlgAu3XuGZpgZpGogKe3KeHdt0oVu_3vvv9SE21qmrcsyzazOagB1-h0T0kPqTviO9dY0tbouc9K7og_a9bWxPC-H-3dQsJdvPQoE5AiRRm8HAs8AwYnhjJDJu2wiSoQQrQzZMhOHlAzZ0XofXUD1_gAMQjhB:1odQgz:y5wonStO-3XWgcHgTTCeRa1nuvoBVllgtQOAUlK39I0', '2022-10-12 06:37:13.982280'),
('otf7mv85u5t774i7kapqpkfw6p7zlml9', '.eJxVjDsOwjAQBe_iGllaJ_hDSc8ZrN31GgeQLcVJFXF3iJQC2jczb1MR16XEtcscp6QuCgZ1-h0J-Sl1J-mB9d40t7rME-ld0Qft-taSvK6H-3dQsJdvHWDMzOglA7KlMWNwgbwDZ9GNPhNlkgSWWZAIwmCNAck2mDOh86DeHz1qOTA:1oRRkC:hw2uyIKXyXaNEj-WpuT9N1lVB5_Ii00YZNKuWqr74Pc', '2022-09-09 05:19:00.289423'),
('ov3k1snrmjwo5g30vhs9urernbxfoqzz', '.eJxVjEEOwiAQRe_C2hCYlgAu3XuGZpgZpGogKe3KeHdt0oVu_3vvv9SE21qmrcsyzazOagB1-h0T0kPqTviO9dY0tbouc9K7og_a9bWxPC-H-3dQsJdvPQoE5AiRRm8HAs8AwYnhjJDJu2wiSoQQrQzZMhOHlAzZ0XofXUD1_gAMQjhB:1oseq0:FVB2uo6l4GU4h4sASoyS67Rof7ahZ4BjaGscg4lqSYU', '2022-11-23 12:15:28.692076'),
('owum9hqo8ylv5a5q24d1o0g7941gp8zu', '.eJxVjEEOgjAQRe_StWksA3Tq0j1nIJ3OjKCmTSisjHdXEha6_e-9_zJj3NZp3Kos48zmYjo0p9-RYnpI3gnfY74Vm0pel5nsrtiDVjsUluf1cP8Oplinb-3QdeiCRweOmVLqNZBPfY8qgo5aAFJqGjg3rJ2qAEUfwAv6oOxb8_4ACH84XQ:1ofGSl:61SOv4gqkyy2UPJxzYkINaLLET64Z6vfwJ3sfonZFfk', '2022-10-17 08:06:07.676224'),
('oxq4p0maywko76vl32lpir49psvbwa7l', '.eJxVjEEOwiAQRe_C2hCYlgAu3XuGZpgZpGogKe3KeHdt0oVu_3vvv9SE21qmrcsyzazOagB1-h0T0kPqTviO9dY0tbouc9K7og_a9bWxPC-H-3dQsJdvPQoE5AiRRm8HAs8AwYnhjJDJu2wiSoQQrQzZMhOHlAzZ0XofXUD1_gAMQjhB:1ofzpT:7bpIR8CO0uoJm_KmITYnNNGi6J6dmoKQv9ysqNLyRcM', '2022-10-19 08:32:35.838576'),
('p0e959cvklgiul8fdfppas4w5ioo1r5b', '.eJxVjDsOwjAQBe_iGllaJ_hDSc8ZrN31GgeQLcVJFXF3iJQC2jczb1MR16XEtcscp6QuCgZ1-h0J-Sl1J-mB9d40t7rME-ld0Qft-taSvK6H-3dQsJdvHWDMzOglA7KlMWNwgbwDZ9GNPhNlkgSWWZAIwmCNAck2mDOh86DeHz1qOTA:1oRSPc:iSE6dV7YcAhrZivHdyJsilQp8JI9Akya00Vr4526Rco', '2022-09-09 06:01:48.060128'),
('pcc2a26tdfk81nzkypipcd5wnl7lzdz5', '.eJxVjEEOwiAQRe_C2hCYlgAu3XuGZpgZpGogKe3KeHdt0oVu_3vvv9SE21qmrcsyzazOagB1-h0T0kPqTviO9dY0tbouc9K7og_a9bWxPC-H-3dQsJdvPQoE5AiRRm8HAs8AwYnhjJDJu2wiSoQQrQzZMhOHlAzZ0XofXUD1_gAMQjhB:1p0EmV:RZ5dvIgSOXGtss5ZBIUS5xt-YzEgE3ZqvY0c4mX1CT0', '2022-12-14 10:03:11.427803'),
('pdxzzwecgxfxm2221w4mqx9r6w88b2ha', '.eJxVjEEOwiAQRe_C2hCYlgAu3XuGZpgZpGogKe3KeHdt0oVu_3vvv9SE21qmrcsyzazOagB1-h0T0kPqTviO9dY0tbouc9K7og_a9bWxPC-H-3dQsJdvPQoE5AiRRm8HAs8AwYnhjJDJu2wiSoQQrQzZMhOHlAzZ0XofXUD1_gAMQjhB:1odPYE:3dx_KDwtK47Y4S7204AfkrsUOrQnb8dMAi1xhFiAkDA', '2022-10-12 05:24:06.801521'),
('piftev6e7lch11cgpnwwcuj84x5ema2v', '.eJxVjEEOwiAQRe_C2hCYlgAu3XuGZpgZpGogKe3KeHdt0oVu_3vvv9SE21qmrcsyzazOagB1-h0T0kPqTviO9dY0tbouc9K7og_a9bWxPC-H-3dQsJdvPQoE5AiRRm8HAs8AwYnhjJDJu2wiSoQQrQzZMhOHlAzZ0XofXUD1_gAMQjhB:1oiBR0:9EB3S0jgXRtScOIqSbh63j0wqYkFkzSUEj97hVyWpvw', '2022-10-25 14:50:22.643514'),
('pnb3be97khdq05h2c4wfwc8fjbof8lv8', '.eJxVjEEOwiAQRe_C2hCYlgAu3XuGZpgZpGogKe3KeHdt0oVu_3vvv9SE21qmrcsyzazOagB1-h0T0kPqTviO9dY0tbouc9K7og_a9bWxPC-H-3dQsJdvPQoE5AiRRm8HAs8AwYnhjJDJu2wiSoQQrQzZMhOHlAzZ0XofXUD1_gAMQjhB:1odSP7:bdkVsr7pIIwKvFoBTlFQNKNTWGqLcDwhXCnye7j18vc', '2022-10-12 08:26:53.253468'),
('pwkugufkcfmv2kn9zmysiu59fddyw5sp', '.eJxVjMsOwiAQRf-FtSEOb1y67zeQAQapGkhKuzL-uzbpQrf3nHNfLOC21rANWsKc2YWBYaffMWJ6UNtJvmO7dZ56W5c58l3hBx186pme18P9O6g46rc-pyiL0Q5sAUGEmsChTcUISeAVRiKTSLniUWgo4LTWSRlJZH2MBdj7AxzvOKQ:1oSzgJ:wxjl9kMCX-Fj57oVOFS-ZtqzU_gjjCgr-oUyEgPXYKQ', '2022-09-13 11:45:23.000432'),
('pxkej1y4vvn05ymss2y7yw9k70hcpfqp', '.eJxVjEEOwiAQRe_C2hCYlgAu3XuGZpgZpGogKe3KeHdt0oVu_3vvv9SE21qmrcsyzazOagB1-h0T0kPqTviO9dY0tbouc9K7og_a9bWxPC-H-3dQsJdvPQoE5AiRRm8HAs8AwYnhjJDJu2wiSoQQrQzZMhOHlAzZ0XofXUD1_gAMQjhB:1opROR:c5jR9ivY4denEimm3GfT6rBQejpcB4MQK_13tpPde_o', '2022-11-14 15:17:43.964436'),
('q0xpmzukbly3z04p4ys7jyloo1a09it4', '.eJxVjEEOwiAQRe_C2hCYlgAu3XuGZpgZpGogKe3KeHdt0oVu_3vvv9SE21qmrcsyzazOagB1-h0T0kPqTviO9dY0tbouc9K7og_a9bWxPC-H-3dQsJdvPQoE5AiRRm8HAs8AwYnhjJDJu2wiSoQQrQzZMhOHlAzZ0XofXUD1_gAMQjhB:1pSXl5:xJsnElNin4U4hvKIwSdB_jd_6cCQvec8f0QIlSZBoWE', '2023-03-02 11:58:43.391440'),
('q3cg3iy44sz0010ax5vur8a04cnvhnts', '.eJxVjEEOwiAQRe_C2hCYlgAu3XuGZpgZpGogKe3KeHdt0oVu_3vvv9SE21qmrcsyzazOagB1-h0T0kPqTviO9dY0tbouc9K7og_a9bWxPC-H-3dQsJdvPQoE5AiRRm8HAs8AwYnhjJDJu2wiSoQQrQzZMhOHlAzZ0XofXUD1_gAMQjhB:1oi6xD:9LtBcKuVWAoc8mR8pZZLg9hx9fc1V25T6pg1WJgc2VM', '2022-10-25 10:03:19.519390'),
('q6qgkxgrsrhbmuac7evy7tyycbwejbcm', '.eJxVjEEOwiAQRe_C2hCYlgAu3XuGZpgZpGogKe3KeHdt0oVu_3vvv9SE21qmrcsyzazOagB1-h0T0kPqTviO9dY0tbouc9K7og_a9bWxPC-H-3dQsJdvPQoE5AiRRm8HAs8AwYnhjJDJu2wiSoQQrQzZMhOHlAzZ0XofXUD1_gAMQjhB:1ojGpK:G4zFOoJReu2gRZZxT3NR8Tm1CX_otzM0Z_wPngYyoVg', '2022-10-28 14:47:58.075890'),
('q6r0rinyijqxvqmqoyjmfmh2of2ku7o0', '.eJxVjEEOwiAQRe_C2hCgUKhL956BDDODVA0kpV0Z765NutDtf-_9l4iwrSVunZc4kziLwYvT75gAH1x3Qneotyax1XWZk9wVedAur434eTncv4MCvXzrDIQu5IwcHLL3o9KMrEEBBKfypK1zQOPkBzuF0XkTcKBsMxpvyCQl3h8yxTh6:1oV3dy:hCNTK9xcdKRG07rhiWK3ERGxaZ08r_1wc-RatP5adsA', '2022-09-19 04:23:30.079427'),
('qiwlmqvr35dvd06yzja6uoltraup6sh9', '.eJxVjEEOwiAQRe_C2hCYlgAu3XuGZpgZpGogKe3KeHdt0oVu_3vvv9SE21qmrcsyzazOagB1-h0T0kPqTviO9dY0tbouc9K7og_a9bWxPC-H-3dQsJdvPQoE5AiRRm8HAs8AwYnhjJDJu2wiSoQQrQzZMhOHlAzZ0XofXUD1_gAMQjhB:1oe8Fm:ni3Baq_z1z9CIeUNqcFSoyojGVd2LXWzeIUkofOayJQ', '2022-10-14 05:08:02.675566'),
('qjl1evxyv4w2xssp6r0z1edzolf3bo87', '.eJxVjDsOwjAQBe_iGllaJ_hDSc8ZrN31GgeQLcVJFXF3iJQC2jczb1MR16XEtcscp6QuCgZ1-h0J-Sl1J-mB9d40t7rME-ld0Qft-taSvK6H-3dQsJdvHWDMzOglA7KlMWNwgbwDZ9GNPhNlkgSWWZAIwmCNAck2mDOh86DeHz1qOTA:1oR9k2:JHVWszdWKmW9JMu9BrjhYEmz8CBiqNntlLhn_exXVmA', '2022-09-08 10:05:38.292226'),
('qotn2p9u11bu3nej3szv10sbmsivlvrw', '.eJxVjDsOwjAQBe_iGllaJ_hDSc8ZrN31GgeQLcVJFXF3iJQC2jczb1MR16XEtcscp6QuCgZ1-h0J-Sl1J-mB9d40t7rME-ld0Qft-taSvK6H-3dQsJdvHWDMzOglA7KlMWNwgbwDZ9GNPhNlkgSWWZAIwmCNAck2mDOh86DeHz1qOTA:1oRTc4:iI09qA7IwegaEurg1DtfINlzs4tF1y0JlHHxJsQIyYQ', '2022-09-09 07:18:44.184661'),
('qsvujedcx7qwdfp6iwmewt7tiiq980vv', '.eJxVjEEOwiAQRe_C2hCYlgAu3XuGZpgZpGogKe3KeHdt0oVu_3vvv9SE21qmrcsyzazOagB1-h0T0kPqTviO9dY0tbouc9K7og_a9bWxPC-H-3dQsJdvPQoE5AiRRm8HAs8AwYnhjJDJu2wiSoQQrQzZMhOHlAzZ0XofXUD1_gAMQjhB:1olOyn:gOgJemwzpzi2ekwAsijmRQ62yQOjMVtKingtPm5VWv8', '2022-11-03 11:54:33.394198'),
('qumunwihqs0tpg64caxlzk9azjdbntxc', '.eJxVjEEOwiAQRe_C2hCYlgAu3XuGZpgZpGogKe3KeHdt0oVu_3vvv9SE21qmrcsyzazOagB1-h0T0kPqTviO9dY0tbouc9K7og_a9bWxPC-H-3dQsJdvPQoE5AiRRm8HAs8AwYnhjJDJu2wiSoQQrQzZMhOHlAzZ0XofXUD1_gAMQjhB:1otmCp:Bt9x9A4SO0ZK4aBuQH6QdjK3z2_ebpZcLfRAowod9JQ', '2022-11-26 14:19:39.805881'),
('qwdynm2kjhb7bei49f2l5ivhtx2iu5ph', '.eJxVjEEOgjAQRe_StWksA3Tq0j1nIJ3OjKCmTSisjHdXEha6_e-9_zJj3NZp3Kos48zmYjo0p9-RYnpI3gnfY74Vm0pel5nsrtiDVjsUluf1cP8Oplinb-3QdeiCRweOmVLqNZBPfY8qgo5aAFJqGjg3rJ2qAEUfwAv6oOxb8_4ACH84XQ:1opQwm:z_k8ElNHmlIabjkThQCy2GXfHqdMTOVlPKHzfmalnnw', '2022-11-14 14:49:08.827522'),
('r09sp303aiet9otbd9ey3hwsjsd0g3zj', '.eJxVjEEOwiAQRe_C2hCYlgAu3XuGZpgZpGogKe3KeHdt0oVu_3vvv9SE21qmrcsyzazOagB1-h0T0kPqTviO9dY0tbouc9K7og_a9bWxPC-H-3dQsJdvPQoE5AiRRm8HAs8AwYnhjJDJu2wiSoQQrQzZMhOHlAzZ0XofXUD1_gAMQjhB:1pArhB:4R9WmqPR6s477BhYQayy1Y0zNK8fDYqXQekyDiL8-8Q', '2023-01-12 17:37:37.518189'),
('r2kr6z9xcw6umlkf81mk2qphbv4tkf20', '.eJxVjDsOwjAQBe_iGllaJ_hDSc8ZrN31GgeQLcVJFXF3iJQC2jczb1MR16XEtcscp6QuCgZ1-h0J-Sl1J-mB9d40t7rME-ld0Qft-taSvK6H-3dQsJdvHWDMzOglA7KlMWNwgbwDZ9GNPhNlkgSWWZAIwmCNAck2mDOh86DeHz1qOTA:1oRBIH:XdAL7ZMBVrHZwuw0Y5LXVcmfWRjYqmYn28HTr1vI4CM', '2022-09-08 11:45:05.990301'),
('r2qvxqq1pds44ovqzpg9bn8iempdkxla', '.eJxVjEEOwiAQRe_C2hCYlgAu3XuGZpgZpGogKe3KeHdt0oVu_3vvv9SE21qmrcsyzazOagB1-h0T0kPqTviO9dY0tbouc9K7og_a9bWxPC-H-3dQsJdvPQoE5AiRRm8HAs8AwYnhjJDJu2wiSoQQrQzZMhOHlAzZ0XofXUD1_gAMQjhB:1ogI48:QUnKS3OCin6zLrkOEe8rGjwfVuTdgbzQQw3prme-ois', '2022-10-20 04:00:56.756695'),
('r7ob3li169acwv4vgnbgs6fw51cqcye7', '.eJxVjEEOwiAQRe_C2hCYlgAu3XuGZpgZpGogKe3KeHdt0oVu_3vvv9SE21qmrcsyzazOagB1-h0T0kPqTviO9dY0tbouc9K7og_a9bWxPC-H-3dQsJdvPQoE5AiRRm8HAs8AwYnhjJDJu2wiSoQQrQzZMhOHlAzZ0XofXUD1_gAMQjhB:1ockiR:QvN5OsT1vTBreyWtoz3JKMdYPRHb_NfGxNagVkjtcl4', '2022-10-10 09:47:55.280048'),
('ra3e9xkwbblo8iykv9wm1awlgfy3wppu', '.eJxVjMEOwiAQBf-FsyGACxSP3vsNZIFFqgaS0p6M_9426UGvb2beh3lcl-LXTrOfErsxK9jldwwYX1QPkp5YH43HVpd5CvxQ-Ek7H1ui9_10_w4K9rLXktI1RycGIAg5QXBGZtCI0uXBBGui1i5KDQYJlbak0AlJBGgVQQb23QAdgThy:1ojGr7:7EDJpHF7Ok8o_L3VzwTndIVqySHtdFvgt7HBDDp6hF8', '2022-10-28 14:49:49.344656'),
('re9n1pf4izb4z5n6ddpo1g3uyokf4jng', '.eJxVjEEOwiAQRe_C2hCYlgAu3XuGZpgZpGogKe3KeHdt0oVu_3vvv9SE21qmrcsyzazOagB1-h0T0kPqTviO9dY0tbouc9K7og_a9bWxPC-H-3dQsJdvPQoE5AiRRm8HAs8AwYnhjJDJu2wiSoQQrQzZMhOHlAzZ0XofXUD1_gAMQjhB:1ogha0:Gj0cVL6cK6sZa12HA1U9IPtqx-XPfMP8U6MCIah6vTY', '2022-10-21 12:45:32.789645'),
('rnow8orksa9ubz6cu3xssyyl3n646lsw', '.eJxVjEEOwiAQRe_C2hCYlgAu3XuGZpgZpGogKe3KeHdt0oVu_3vvv9SE21qmrcsyzazOagB1-h0T0kPqTviO9dY0tbouc9K7og_a9bWxPC-H-3dQsJdvPQoE5AiRRm8HAs8AwYnhjJDJu2wiSoQQrQzZMhOHlAzZ0XofXUD1_gAMQjhB:1ocmHu:YWvpgpLCencT9QvEwzlBwJc895A_TI5tbr5bu5SLhbA', '2022-10-10 11:28:38.849113'),
('roxlt08t1vx53xnqsbs99ndhmoxkukd8', '.eJxVjEEOwiAQRe_C2hCYlgAu3XuGZpgZpGogKe3KeHdt0oVu_3vvv9SE21qmrcsyzazOagB1-h0T0kPqTviO9dY0tbouc9K7og_a9bWxPC-H-3dQsJdvPQoE5AiRRm8HAs8AwYnhjJDJu2wiSoQQrQzZMhOHlAzZ0XofXUD1_gAMQjhB:1ooGIm:mVsLSmeY6-NHEyJoMDsZJP7fI8hgzruusYAqqmnVr_s', '2022-11-11 09:15:00.774097'),
('rs1bs2plvd0s7595zgwijxn0yhd12ahm', '.eJxVjEEOwiAQRe_C2hCYlgAu3XuGZpgZpGogKe3KeHdt0oVu_3vvv9SE21qmrcsyzazOagB1-h0T0kPqTviO9dY0tbouc9K7og_a9bWxPC-H-3dQsJdvPQoE5AiRRm8HAs8AwYnhjJDJu2wiSoQQrQzZMhOHlAzZ0XofXUD1_gAMQjhB:1pSWx1:VUhqwctQdhORewbNXRP95ry0Ph17TWuoYGeVvIGkzbU', '2023-03-02 11:06:59.987982'),
('rt03fjckrkh6tdymhtsxa0v6ie2qqtv8', '.eJxVjEEOwiAQRe_C2hCYlgAu3XuGZpgZpGogKe3KeHdt0oVu_3vvv9SE21qmrcsyzazOagB1-h0T0kPqTviO9dY0tbouc9K7og_a9bWxPC-H-3dQsJdvPQoE5AiRRm8HAs8AwYnhjJDJu2wiSoQQrQzZMhOHlAzZ0XofXUD1_gAMQjhB:1ocmMS:BNlT7h8z2CjJP2CKQEfIshyJjklQf1803P2_zm4zovM', '2022-10-10 11:33:20.407291'),
('rv12h55wexblqb8m8q43a7q19uwa2bxs', '.eJxVjEEOwiAQRe_C2hCYlgAu3XuGZpgZpGogKe3KeHdt0oVu_3vvv9SE21qmrcsyzazOagB1-h0T0kPqTviO9dY0tbouc9K7og_a9bWxPC-H-3dQsJdvPQoE5AiRRm8HAs8AwYnhjJDJu2wiSoQQrQzZMhOHlAzZ0XofXUD1_gAMQjhB:1ockGz:-fiaB4RdCmqnlcQSUO_2ssHC2ldQ1vYtuhxqwoXSQz8', '2022-10-10 09:19:33.033564'),
('rwbgd24kpkb1x5aq245evd7vdzjpgkf0', '.eJxVjEEOwiAQRe_C2hCYlgAu3XuGZpgZpGogKe3KeHdt0oVu_3vvv9SE21qmrcsyzazOagB1-h0T0kPqTviO9dY0tbouc9K7og_a9bWxPC-H-3dQsJdvPQoE5AiRRm8HAs8AwYnhjJDJu2wiSoQQrQzZMhOHlAzZ0XofXUD1_gAMQjhB:1oqSNf:Y_UxGVOCofxHYpLbYZtjCdVE6_NENwlXuuedIlFYMKk', '2022-11-17 10:33:07.876796'),
('rxugy71xanmdoasp51nmtg2hbtxop9g4', '.eJxVjEEOwiAQRe_C2hCYlgAu3XuGZpgZpGogKe3KeHdt0oVu_3vvv9SE21qmrcsyzazOagB1-h0T0kPqTviO9dY0tbouc9K7og_a9bWxPC-H-3dQsJdvPQoE5AiRRm8HAs8AwYnhjJDJu2wiSoQQrQzZMhOHlAzZ0XofXUD1_gAMQjhB:1opTn0:FWP5SINCYru0Apd-wZY5ind6pR6CLjZDTEdZjXADoEQ', '2022-11-14 17:51:14.367458'),
('rygyq88y7zkwcnngq6ivlw44medbbr5o', '.eJxVjEEOwiAQRe_C2hCYlgAu3XuGZpgZpGogKe3KeHdt0oVu_3vvv9SE21qmrcsyzazOagB1-h0T0kPqTviO9dY0tbouc9K7og_a9bWxPC-H-3dQsJdvPQoE5AiRRm8HAs8AwYnhjJDJu2wiSoQQrQzZMhOHlAzZ0XofXUD1_gAMQjhB:1odThv:UEE94l0v1lLd8iYKUlt5iTAdrdi9_f7RfBsk3tdY_r0', '2022-10-12 09:50:23.931001'),
('rz1fpk3ydiiicohvvduq1hq874rob0w1', '.eJxVjDsOwjAQBe_iGllaJ_hDSc8ZrN31GgeQLcVJFXF3iJQC2jczb1MR16XEtcscp6QuCgZ1-h0J-Sl1J-mB9d40t7rME-ld0Qft-taSvK6H-3dQsJdvHWDMzOglA7KlMWNwgbwDZ9GNPhNlkgSWWZAIwmCNAck2mDOh86DeHz1qOTA:1oSwji:li4OYgbqQ0fFJyNVav8wtSuNWWLotq6uk-0cDedUZ38', '2022-09-13 08:36:42.212964'),
('senzbe05yntmicqn5pe3zh9o599d1zr9', '.eJxVjEEOwiAQRe_C2pCBGQx16d4zkCkDUjU0Ke2q8e5K0oUmf_Xfy9tV4G0tYWtpCZOoi0JUp99z5PhMtRN5cL3POs51XaZRd0UftOnbLOl1Pdy_QOFWepdJTB6-c2IwCxlgb6yITwDJWHII4LMTcpBJ0J_tEAGtS4yZYlbvD_adN5I:1obFPH:slNSLWt5MPgIKiVuAxlylWHEDkVia58ItIB40envCsc', '2022-10-06 06:09:55.518533'),
('sie6ie9i02yi1wybl9yfkssdnxwh455x', '.eJxVjDsOwjAQBe_iGllaJ_hDSc8ZrN31GgeQLcVJFXF3iJQC2jczb1MR16XEtcscp6QuCgZ1-h0J-Sl1J-mB9d40t7rME-ld0Qft-taSvK6H-3dQsJdvHWDMzOglA7KlMWNwgbwDZ9GNPhNlkgSWWZAIwmCNAck2mDOh86DeHz1qOTA:1oTPKJ:JnPB6nv8kbdE2MLjOVHpsPS9BNNx4uEZX7xefs5xARI', '2022-09-14 15:08:23.207708'),
('sjmfveb6uyzpvj14nbuxervennvcblwh', '.eJxVjEEOwiAQRe_C2hCYlgAu3XuGZpgZpGogKe3KeHdt0oVu_3vvv9SE21qmrcsyzazOagB1-h0T0kPqTviO9dY0tbouc9K7og_a9bWxPC-H-3dQsJdvPQoE5AiRRm8HAs8AwYnhjJDJu2wiSoQQrQzZMhOHlAzZ0XofXUD1_gAMQjhB:1oke6B:KBFhKZ37wytqvd0lE4DRo4taUfMZQSO4mw7LsHlFeH4', '2022-11-01 09:51:03.727289'),
('soexm47srvm4ge8nnfh42boqkslizsr7', '.eJxVjEEOwiAQRe_C2hCYlgAu3XuGZpgZpGogKe3KeHdt0oVu_3vvv9SE21qmrcsyzazOagB1-h0T0kPqTviO9dY0tbouc9K7og_a9bWxPC-H-3dQsJdvPQoE5AiRRm8HAs8AwYnhjJDJu2wiSoQQrQzZMhOHlAzZ0XofXUD1_gAMQjhB:1odqGt:1l0bA-kkF_lnj8zTU3SldRiKQZ63AIBDBGTm9Jq9r2E', '2022-10-13 09:55:59.809479'),
('stka2r9jpmd891jkmr8fdp05auj345wm', '.eJxVjEEOwiAQRe_C2hCYlgAu3XuGZpgZpGogKe3KeHdt0oVu_3vvv9SE21qmrcsyzazOagB1-h0T0kPqTviO9dY0tbouc9K7og_a9bWxPC-H-3dQsJdvPQoE5AiRRm8HAs8AwYnhjJDJu2wiSoQQrQzZMhOHlAzZ0XofXUD1_gAMQjhB:1ol3pc:gRBPBkbWk-oCV7O6ljwSVAtOq6urRVLC9d3ox5lb_VQ', '2022-11-02 13:19:40.891975'),
('sxjsxl7ygi9vxjdbvyiivcbg0sjscv2s', '.eJxVjDsOwjAQBe_iGllaJ_hDSc8ZrN31GgeQLcVJFXF3iJQC2jczb1MR16XEtcscp6QuCgZ1-h0J-Sl1J-mB9d40t7rME-ld0Qft-taSvK6H-3dQsJdvHWDMzOglA7KlMWNwgbwDZ9GNPhNlkgSWWZAIwmCNAck2mDOh86DeHz1qOTA:1oRAuv:fK2e9r0XpnJTakzW1oISWLaniQYxvoXwvW9531WJKyw', '2022-09-08 11:20:57.551429'),
('szi5l2mgub4tbqaku7ubkr8x2v078mes', '.eJxVjEEOgjAQRe_StWksA3Tq0j1nIJ3OjKCmTSisjHdXEha6_e-9_zJj3NZp3Kos48zmYjo0p9-RYnpI3gnfY74Vm0pel5nsrtiDVjsUluf1cP8Oplinb-3QdeiCRweOmVLqNZBPfY8qgo5aAFJqGjg3rJ2qAEUfwAv6oOxb8_4ACH84XQ:1pGIEJ:7gB5SAAyJ-i7CLM2-1W1-6c9B5Ojw-o_WCS2cwV8des', '2023-01-27 16:58:15.689182'),
('t1bn7wq8rlcfip3y3ggykp4ptc09qnj5', '.eJxVjEEOwiAQRe_C2hCYlgAu3XuGZpgZpGogKe3KeHdt0oVu_3vvv9SE21qmrcsyzazOagB1-h0T0kPqTviO9dY0tbouc9K7og_a9bWxPC-H-3dQsJdvPQoE5AiRRm8HAs8AwYnhjJDJu2wiSoQQrQzZMhOHlAzZ0XofXUD1_gAMQjhB:1onAN9:vaBNA15x07y0_Va7nzJUA0Fe_V2rLO65qi5ewHX2P_M', '2022-11-08 08:42:59.033268'),
('t5da7u0i6zf9almfbrri4ev63guyh8dv', '.eJxVjEEOwiAQRe_C2hCYlgAu3XuGZpgZpGogKe3KeHdt0oVu_3vvv9SE21qmrcsyzazOagB1-h0T0kPqTviO9dY0tbouc9K7og_a9bWxPC-H-3dQsJdvPQoE5AiRRm8HAs8AwYnhjJDJu2wiSoQQrQzZMhOHlAzZ0XofXUD1_gAMQjhB:1okepH:cKPZWPsbSuFrfTtlOXaoHURgpNwsVJotrk5WH34iZzg', '2022-11-01 10:37:39.305582'),
('t77j0qmcarsyu03z2xuvjd8ga0bg363g', '.eJxVjEEOwiAQRe_C2hCYlgAu3XuGZpgZpGogKe3KeHdt0oVu_3vvv9SE21qmrcsyzazOagB1-h0T0kPqTviO9dY0tbouc9K7og_a9bWxPC-H-3dQsJdvPQoE5AiRRm8HAs8AwYnhjJDJu2wiSoQQrQzZMhOHlAzZ0XofXUD1_gAMQjhB:1os0fa:i0mxUORDcFgteakyCXwMaN1L6M4RgEjkZ6dKNdBFAXM', '2022-11-21 17:22:02.629931'),
('t8kvmq19um2oagb858fdb4qsbtjqfber', '.eJxVjEEOwiAQRe_C2hCYlgAu3XuGZpgZpGogKe3KeHdt0oVu_3vvv9SE21qmrcsyzazOagB1-h0T0kPqTviO9dY0tbouc9K7og_a9bWxPC-H-3dQsJdvPQoE5AiRRm8HAs8AwYnhjJDJu2wiSoQQrQzZMhOHlAzZ0XofXUD1_gAMQjhB:1onyDl:flqXXLQm6yVgvfnsuYuR1ye16lMzty3qZ0kSVBB2zHM', '2022-11-10 13:56:37.201966'),
('t9cb5aulopvubz85z0gp4dkkdz470wz2', '.eJxVjDsOwjAQBe_iGllaJ_hDSc8ZrN31GgeQLcVJFXF3iJQC2jczb1MR16XEtcscp6QuCgZ1-h0J-Sl1J-mB9d40t7rME-ld0Qft-taSvK6H-3dQsJdvHWDMzOglA7KlMWNwgbwDZ9GNPhNlkgSWWZAIwmCNAck2mDOh86DeHz1qOTA:1oTPSa:1_hDyjIFWXkjGa9St2nw1A_otgQLOW07ekReR7g80b8', '2022-09-14 15:16:56.179451'),
('tb5n84wpwk4tr17srxk74a59ckszv1cz', '.eJxVjEEOwiAQRe_C2hCYlgAu3XuGZpgZpGogKe3KeHdt0oVu_3vvv9SE21qmrcsyzazOagB1-h0T0kPqTviO9dY0tbouc9K7og_a9bWxPC-H-3dQsJdvPQoE5AiRRm8HAs8AwYnhjJDJu2wiSoQQrQzZMhOHlAzZ0XofXUD1_gAMQjhB:1oeBqB:fCR22gWmqGUsfgV_MaT-gED9Rv8NkvExweDd_T0a1Ck', '2022-10-14 08:57:51.186352'),
('tiv9nnyx3i5cnsho4fqlmpm1i238wh44', '.eJxVjDsOwjAQBe_iGllaJ_hDSc8ZrN31GgeQLcVJFXF3iJQC2jczb1MR16XEtcscp6QuCgZ1-h0J-Sl1J-mB9d40t7rME-ld0Qft-taSvK6H-3dQsJdvHWDMzOglA7KlMWNwgbwDZ9GNPhNlkgSWWZAIwmCNAck2mDOh86DeHz1qOTA:1oSaQq:ExdNrC4G8ZigiCqlgXYut28VyinJaUAhA67zNl4aTwQ', '2022-09-12 08:47:44.941975'),
('tkg4btgqq86siedhy8wgk3jdvzxutppl', '.eJxVjEEOwiAQRe_C2hCYlgAu3XuGZpgZpGogKe3KeHdt0oVu_3vvv9SE21qmrcsyzazOagB1-h0T0kPqTviO9dY0tbouc9K7og_a9bWxPC-H-3dQsJdvPQoE5AiRRm8HAs8AwYnhjJDJu2wiSoQQrQzZMhOHlAzZ0XofXUD1_gAMQjhB:1ovCPy:LeaJwfuyF68uoBKDYAcsTY_xOPjpltqfKx5FW7GQEWw', '2022-11-30 12:31:06.878780'),
('ttp7352ky7wjxxc6ioyxogkipe5n9xc0', '.eJxVjEEOwiAQRe_C2hCYlgAu3XuGZpgZpGogKe3KeHdt0oVu_3vvv9SE21qmrcsyzazOagB1-h0T0kPqTviO9dY0tbouc9K7og_a9bWxPC-H-3dQsJdvPQoE5AiRRm8HAs8AwYnhjJDJu2wiSoQQrQzZMhOHlAzZ0XofXUD1_gAMQjhB:1oVrot:kleNDhWQ5Z_d44qQPXdEZfSecAau0Wa-sRSYtTKKVUE', '2022-09-21 09:58:07.489482'),
('tzwqj6tgewe5v0ftlekk2u58o5hv32po', '.eJxVjEEOwiAQRe_C2hCYlgAu3XuGZpgZpGogKe3KeHdt0oVu_3vvv9SE21qmrcsyzazOagB1-h0T0kPqTviO9dY0tbouc9K7og_a9bWxPC-H-3dQsJdvPQoE5AiRRm8HAs8AwYnhjJDJu2wiSoQQrQzZMhOHlAzZ0XofXUD1_gAMQjhB:1od3Cq:SdLzwO5OIhIzasBb8b2h0y5qIXLjZd2XHJx_05UjUZI', '2022-10-11 05:32:32.516376'),
('u0rttldlm92jaujvzbdg0n86gxmch03f', '.eJxVjEEOwiAQRe_C2hCYlgAu3XuGZpgZpGogKe3KeHdt0oVu_3vvv9SE21qmrcsyzazOagB1-h0T0kPqTviO9dY0tbouc9K7og_a9bWxPC-H-3dQsJdvPQoE5AiRRm8HAs8AwYnhjJDJu2wiSoQQrQzZMhOHlAzZ0XofXUD1_gAMQjhB:1p0ik3:4tC9WeGy3PLaW-GermrUON4DVq8upZI9TsfZsyexIBg', '2022-12-15 18:02:39.111839'),
('u3akyfp1c4clmt7ftb2oqlgc2xscwuq7', '.eJxVjEEOwiAQRe_C2pCBGQx16d4zkCkDUjU0Ke2q8e5K0oUmf_Xfy9tV4G0tYWtpCZOoi0JUp99z5PhMtRN5cL3POs51XaZRd0UftOnbLOl1Pdy_QOFWepdJTB6-c2IwCxlgb6yITwDJWHII4LMTcpBJ0J_tEAGtS4yZYlbvD_adN5I:1obHui:lBrSJ74qrNFodc5BRwchSpyKkt0QkmYkwm6bwtVLKgE', '2022-10-06 08:50:32.226804'),
('uarfylxgay18i5206sjqti4gqefl3yr7', '.eJxVjDsOwjAQBe_iGllaJ_hDSc8ZrN31GgeQLcVJFXF3iJQC2jczb1MR16XEtcscp6QuCgZ1-h0J-Sl1J-mB9d40t7rME-ld0Qft-taSvK6H-3dQsJdvHWDMzOglA7KlMWNwgbwDZ9GNPhNlkgSWWZAIwmCNAck2mDOh86DeHz1qOTA:1oRRjB:zaiejvhnp4qoUP4qt_obhN6dYFlUmSQL3jP4Id529Ac', '2022-09-09 05:17:57.775370'),
('ubw3vw4odiahg90hti7834c39b73yt3i', '.eJxVjEEOgjAQRe_StWksA3Tq0j1nIJ3OjKCmTSisjHdXEha6_e-9_zJj3NZp3Kos48zmYjo0p9-RYnpI3gnfY74Vm0pel5nsrtiDVjsUluf1cP8Oplinb-3QdeiCRweOmVLqNZBPfY8qgo5aAFJqGjg3rJ2qAEUfwAv6oOxb8_4ACH84XQ:1opTmb:vyYNTOVHb4GKUv9Wf_hCM80g7tJIXOywvOiEztDwcrk', '2022-11-14 17:50:49.051265'),
('ueddlqkyppcyahtljf7dv76otiut45qv', '.eJxVjEEOwiAQRe_C2hCYlgAu3XuGZpgZpGogKe3KeHdt0oVu_3vvv9SE21qmrcsyzazOagB1-h0T0kPqTviO9dY0tbouc9K7og_a9bWxPC-H-3dQsJdvPQoE5AiRRm8HAs8AwYnhjJDJu2wiSoQQrQzZMhOHlAzZ0XofXUD1_gAMQjhB:1okjRa:xKCK41nGO3ukqDYAXbJEJzyywnRUdp2YOpXY02Xn1WU', '2022-11-01 15:33:30.611778'),
('uelm4g6i186m6xrjvq2o9smlfdv3jr3k', '.eJxVjEEOwiAQRe_C2hCYlgAu3XuGZpgZpGogKe3KeHdt0oVu_3vvv9SE21qmrcsyzazOagB1-h0T0kPqTviO9dY0tbouc9K7og_a9bWxPC-H-3dQsJdvPQoE5AiRRm8HAs8AwYnhjJDJu2wiSoQQrQzZMhOHlAzZ0XofXUD1_gAMQjhB:1oq55W:7N8tO8Au8YaFAusfBhn4IuMq7dIVTgV03216PZWF4KU', '2022-11-16 09:40:50.879472'),
('uffbqo1w3ojrsju7qe4x5vflhc2rybqz', '.eJxVjEEOwiAQRe_C2hCYlgAu3XuGZpgZpGogKe3KeHdt0oVu_3vvv9SE21qmrcsyzazOagB1-h0T0kPqTviO9dY0tbouc9K7og_a9bWxPC-H-3dQsJdvPQoE5AiRRm8HAs8AwYnhjJDJu2wiSoQQrQzZMhOHlAzZ0XofXUD1_gAMQjhB:1odPTX:JBtZ4bNsAgoqSxtbyv7P-nnCEG5v8MTGHiLWhaCICGs', '2022-10-12 05:19:15.033672'),
('uh03i9574o1d31oh624yi85ip8e7xl1t', '.eJxVjEEOgjAQRe_StWksA3Tq0j1nIJ3OjKCmTSisjHdXEha6_e-9_zJj3NZp3Kos48zmYjo0p9-RYnpI3gnfY74Vm0pel5nsrtiDVjsUluf1cP8Oplinb-3QdeiCRweOmVLqNZBPfY8qgo5aAFJqGjg3rJ2qAEUfwAv6oOxb8_4ACH84XQ:1ogNRV:IMinymUBriWpFwcUrC0uDONs4nsrgcl62vsQOXNKrtg', '2022-10-20 09:45:25.162700'),
('uim4162dbjxv1u8qryct8d6f9hbg92uw', '.eJxVjEEOgjAQRe_StWksA3Tq0j1nIJ3OjKCmTSisjHdXEha6_e-9_zJj3NZp3Kos48zmYjo0p9-RYnpI3gnfY74Vm0pel5nsrtiDVjsUluf1cP8Oplinb-3QdeiCRweOmVLqNZBPfY8qgo5aAFJqGjg3rJ2qAEUfwAv6oOxb8_4ACH84XQ:1ojDYE:14GaRo6FSW3UpeOefDNjaecT2j5K_kEwfSruw77KNMg', '2022-10-28 11:18:06.075503'),
('ulvz2001iy70wqniwn3hlgk9dvib0c6j', '.eJxVjDsOwjAQBe_iGllaJ_hDSc8ZrN31GgeQLcVJFXF3iJQC2jczb1MR16XEtcscp6QuCgZ1-h0J-Sl1J-mB9d40t7rME-ld0Qft-taSvK6H-3dQsJdvHWDMzOglA7KlMWNwgbwDZ9GNPhNlkgSWWZAIwmCNAck2mDOh86DeHz1qOTA:1oQkXJ:X74xo5LyV_E3scqcs7E0N4p65dhpdV9yNI3lOfPZpdk', '2022-09-07 07:10:49.143986'),
('uqt4kalgi6oxz1x6utdcc24ibtr3gjjn', '.eJxVjEEOgjAQRe_StWksA3Tq0j1nIJ3OjKCmTSisjHdXEha6_e-9_zJj3NZp3Kos48zmYjo0p9-RYnpI3gnfY74Vm0pel5nsrtiDVjsUluf1cP8Oplinb-3QdeiCRweOmVLqNZBPfY8qgo5aAFJqGjg3rJ2qAEUfwAv6oOxb8_4ACH84XQ:1pFBol:FDZx1yNOBDQY-WU82dnbS9PmiemnHbNOhstvNuJ_R0E', '2023-01-24 15:55:19.202177'),
('ur8vy60v9lnpkzfr6rhzf56mxzrc33gg', '.eJxVjEEOgjAQRe_StWksA3Tq0j1nIJ3OjKCmTSisjHdXEha6_e-9_zJj3NZp3Kos48zmYjo0p9-RYnpI3gnfY74Vm0pel5nsrtiDVjsUluf1cP8Oplinb-3QdeiCRweOmVLqNZBPfY8qgo5aAFJqGjg3rJ2qAEUfwAv6oOxb8_4ACH84XQ:1ojG6q:vOLUjmouXH97AYTTq7E3rMXpjqcuRfdpmxym6-b6ypI', '2022-10-28 14:02:00.137004'),
('ut76fw90zaqa8xfm09mkfbgzzo9kx12c', '.eJxVjMsOgyAQRf-FdUNAedll934DmYGh2DaQiK6a_ruauLDbe865X-ZhXbJfG81-iuzOBslu1xEhvKkcJL6gPCsPtSzzhPxQ-EkbH2ukz-N0_w4ytLzXaGJSllwUqkerEdBRkBoMup7AahPMgCR2DloGsEZIlToAREyuS4L9Ni6gORg:1oscbc:EQoQV-OOCMkWncNwg79sz8VtEqmVocDz1_D5FfWb9vk', '2022-11-23 09:52:28.813023'),
('uym2juidom5quwjjx1gsrgampr3z4n47', '.eJxVjEEOwiAQRe_C2hCYlgAu3XuGZpgZpGogKe3KeHdt0oVu_3vvv9SE21qmrcsyzazOagB1-h0T0kPqTviO9dY0tbouc9K7og_a9bWxPC-H-3dQsJdvPQoE5AiRRm8HAs8AwYnhjJDJu2wiSoQQrQzZMhOHlAzZ0XofXUD1_gAMQjhB:1pDhsM:U1XA6n0cFl2bx6rSC2m9zYceX4mO8vKihQVSN1fHA1A', '2023-01-20 13:44:54.208651'),
('uzg1krgnkssywi77ykj36v7ezmykzlx0', '.eJxVjEEOwiAQRe_C2hCYlgAu3XuGZpgZpGogKe3KeHdt0oVu_3vvv9SE21qmrcsyzazOagB1-h0T0kPqTviO9dY0tbouc9K7og_a9bWxPC-H-3dQsJdvPQoE5AiRRm8HAs8AwYnhjJDJu2wiSoQQrQzZMhOHlAzZ0XofXUD1_gAMQjhB:1ockxF:gV02931TWxnUJi_bfqBl5Brlh8mSuoyYmpdVafG3UC0', '2022-10-10 10:03:13.303352'),
('v637ygrxq9bj22y0fm38zl88yg3etz3w', '.eJxVjEEOwiAQRe_C2hCYlgAu3XuGZpgZpGogKe3KeHdt0oVu_3vvv9SE21qmrcsyzazOagB1-h0T0kPqTviO9dY0tbouc9K7og_a9bWxPC-H-3dQsJdvPQoE5AiRRm8HAs8AwYnhjJDJu2wiSoQQrQzZMhOHlAzZ0XofXUD1_gAMQjhB:1okzyh:7pAtc8oDu7Fm0cdzJlaLoLuQvzdePwaubnjd5EPFjeA', '2022-11-02 09:12:47.563605'),
('v9ka305wydanka1b78sdng1zyoxp0e76', '.eJxVjDsOwjAQBe_iGllaJ_hDSc8ZrN31GgeQLcVJFXF3iJQC2jczb1MR16XEtcscp6QuCgZ1-h0J-Sl1J-mB9d40t7rME-ld0Qft-taSvK6H-3dQsJdvHWDMzOglA7KlMWNwgbwDZ9GNPhNlkgSWWZAIwmCNAck2mDOh86DeHz1qOTA:1oRRNl:52kSQRNb6aLiuYpKbxCReNsGUTqHa0-NgdN_h9-E4UQ', '2022-09-09 04:55:49.309382'),
('vd2vzcuftr82yfger229k8onewo3fhic', '.eJxVjEEOwiAQRe_C2hCYlgAu3XuGZpgZpGogKe3KeHdt0oVu_3vvv9SE21qmrcsyzazOagB1-h0T0kPqTviO9dY0tbouc9K7og_a9bWxPC-H-3dQsJdvPQoE5AiRRm8HAs8AwYnhjJDJu2wiSoQQrQzZMhOHlAzZ0XofXUD1_gAMQjhB:1ozv7l:AjICvANjydUDMWkZe38Z72PpcFN-L8J1ikxaKOvDhok', '2022-12-13 13:03:49.412596'),
('vlf2g6ytgzbbs89o8tl9yv6fwuid6bid', '.eJxVjDsOwjAQBe_iGllaJ_hDSc8ZrN31GgeQLcVJFXF3iJQC2jczb1MR16XEtcscp6QuCgZ1-h0J-Sl1J-mB9d40t7rME-ld0Qft-taSvK6H-3dQsJdvHWDMzOglA7KlMWNwgbwDZ9GNPhNlkgSWWZAIwmCNAck2mDOh86DeHz1qOTA:1oRRme:gzJ6G_DkZHsGa_G5WAbpZlAzE9vv4qC3AF2mD8k6YaY', '2022-09-09 05:21:32.448705'),
('vp1597isumj2dfjbi5sqtgg31p8tq33z', '.eJxVjEEOwiAQRe_C2hCYlgAu3XuGZpgZpGogKe3KeHdt0oVu_3vvv9SE21qmrcsyzazOagB1-h0T0kPqTviO9dY0tbouc9K7og_a9bWxPC-H-3dQsJdvPQoE5AiRRm8HAs8AwYnhjJDJu2wiSoQQrQzZMhOHlAzZ0XofXUD1_gAMQjhB:1ockWA:m0CfUGNrPZGOzlig67XfnAa5jQB0AX0NYLDmmXQBXJI', '2022-10-10 09:35:14.029020'),
('vv08oyrdhldzbwgwxx0zu1tip9do1m9t', '.eJxVjMsOwiAQRf-FtSGlM1Bw6d5vaKbMIFUDSR8r478rSRe6veec-1Ij7Vse91WWcWZ1VmDU6XecKD6kNMJ3KreqYy3bMk-6Kfqgq75WluflcP8OMq35W6NAYO8SUxLHHYKVwTo2ggSIYBoCiBZDjwn80PWdUEzBB0zGWFTvDwcPN4k:1osgDV:rwDRpBDQU9kZA_RoBbRXEvOUn-MXwRMwhoPrDb64sig', '2022-11-23 13:43:49.346261'),
('w0nqi908klrrdta6duys9s6ntq8ml9jl', '.eJxVjEEOwiAQRe_C2hCYlgAu3XuGZpgZpGogKe3KeHdt0oVu_3vvv9SE21qmrcsyzazOagB1-h0T0kPqTviO9dY0tbouc9K7og_a9bWxPC-H-3dQsJdvPQoE5AiRRm8HAs8AwYnhjJDJu2wiSoQQrQzZMhOHlAzZ0XofXUD1_gAMQjhB:1p11H1:_N-nS3FEdiDnpzOIH_VeonTVo3MH9bpxECruhRKqLlw', '2022-12-16 13:49:55.867366'),
('w8eawgprqaqh2vyiihu23u8b90fmt0cx', '.eJxVjEEOwiAQRe_C2hCYlgAu3XuGZpgZpGogKe3KeHdt0oVu_3vvv9SE21qmrcsyzazOagB1-h0T0kPqTviO9dY0tbouc9K7og_a9bWxPC-H-3dQsJdvPQoE5AiRRm8HAs8AwYnhjJDJu2wiSoQQrQzZMhOHlAzZ0XofXUD1_gAMQjhB:1opqcF:FZCBL-vhnLbYh5wXwCAfFiINvW2eTNsajBDfbcptitg', '2022-11-15 18:13:39.164330'),
('wfgsbonpog3edo8tfl5bx6kylwl0hfzz', '.eJxVjDsOwjAQBe_iGllaJ_hDSc8ZrN31GgeQLcVJFXF3iJQC2jczb1MR16XEtcscp6QuCgZ1-h0J-Sl1J-mB9d40t7rME-ld0Qft-taSvK6H-3dQsJdvHWDMzOglA7KlMWNwgbwDZ9GNPhNlkgSWWZAIwmCNAck2mDOh86DeHz1qOTA:1oSuQn:dj1XZginQu7n9fNEsgZxjcX8Ha9sxsd5L6xIHsuQmqA', '2022-09-13 06:09:01.163682'),
('wj7rasyj7726ng1u8scq4b0bw4jaapcx', '.eJxVjDsOwjAQBe_iGllaJ_hDSc8ZrN31GgeQLcVJFXF3iJQC2jczb1MR16XEtcscp6QuCgZ1-h0J-Sl1J-mB9d40t7rME-ld0Qft-taSvK6H-3dQsJdvHWDMzOglA7KlMWNwgbwDZ9GNPhNlkgSWWZAIwmCNAck2mDOh86DeHz1qOTA:1oQpVr:PRyet6pYfU7Gxor2eO1Zo6GHQ9LJZ7u9sQEV3okZuuQ', '2022-09-07 12:29:39.407618'),
('wm8h042nnz2vz7bqhfev9pa875bltmch', '.eJxVjEEOwiAQRe_C2hCYlgAu3XuGZpgZpGogKe3KeHdt0oVu_3vvv9SE21qmrcsyzazOagB1-h0T0kPqTviO9dY0tbouc9K7og_a9bWxPC-H-3dQsJdvPQoE5AiRRm8HAs8AwYnhjJDJu2wiSoQQrQzZMhOHlAzZ0XofXUD1_gAMQjhB:1p0Jyq:J3qmD1ag0jJP4s3gtWn6c6pmsuuhX_cYug3WujFs2YQ', '2022-12-14 15:36:16.860113'),
('wmp1i7owpzcyl7si67ld7wuyz266xkad', '.eJxVjEEOgjAQRe_StWksA3Tq0j1nIJ3OjKCmTSisjHdXEha6_e-9_zJj3NZp3Kos48zmYjo0p9-RYnpI3gnfY74Vm0pel5nsrtiDVjsUluf1cP8Oplinb-3QdeiCRweOmVLqNZBPfY8qgo5aAFJqGjg3rJ2qAEUfwAv6oOxb8_4ACH84XQ:1pGkZA:tGJmVQuaFPfZ_v4AIUjxYCrzFt8idv6-1ioUU_4W2FE', '2023-01-28 23:13:40.561710'),
('wngf1tqeudqwmsm4cwordoeo55ogmwr2', '.eJxVjDsOwjAQBe_iGllaJ_hDSc8ZrN31GgeQLcVJFXF3iJQC2jczb1MR16XEtcscp6QuCgZ1-h0J-Sl1J-mB9d40t7rME-ld0Qft-taSvK6H-3dQsJdvHWDMzOglA7KlMWNwgbwDZ9GNPhNlkgSWWZAIwmCNAck2mDOh86DeHz1qOTA:1oRBLe:LmVPdfh4W2N32vMp_G3jrKRmEjpu9dsDZJynwRq3Iog', '2022-09-08 11:48:34.269432'),
('wpfo019lkspkxs60jyho8xuj6pmd48dn', '.eJxVjDsOwjAQBe_iGllaJ_hDSc8ZrN31GgeQLcVJFXF3iJQC2jczb1MR16XEtcscp6QuCgZ1-h0J-Sl1J-mB9d40t7rME-ld0Qft-taSvK6H-3dQsJdvHWDMzOglA7KlMWNwgbwDZ9GNPhNlkgSWWZAIwmCNAck2mDOh86DeHz1qOTA:1oStEg:5L94uR0BTy1OUebtN1cegtKNW2eex194vGIVRI9-lN0', '2022-09-13 04:52:26.894600'),
('wrxqagvw4yna97siv1sw3782pf11vodg', '.eJxVjEEOwiAQRe_C2hCYlgAu3XuGZpgZpGogKe3KeHdt0oVu_3vvv9SE21qmrcsyzazOagB1-h0T0kPqTviO9dY0tbouc9K7og_a9bWxPC-H-3dQsJdvPQoE5AiRRm8HAs8AwYnhjJDJu2wiSoQQrQzZMhOHlAzZ0XofXUD1_gAMQjhB:1oeZjL:SR6Vwmv8Afc19KU7SBeo4MlMCRXTXFkSes6yaRMb-28', '2022-10-15 10:28:23.577596'),
('wswxswaxpu89boqgs5z6eqeviy1yhywx', '.eJxVjEEOwiAQRe_C2hCYlgAu3XuGZpgZpGogKe3KeHdt0oVu_3vvv9SE21qmrcsyzazOagB1-h0T0kPqTviO9dY0tbouc9K7og_a9bWxPC-H-3dQsJdvPQoE5AiRRm8HAs8AwYnhjJDJu2wiSoQQrQzZMhOHlAzZ0XofXUD1_gAMQjhB:1ocmJk:z7ZLPVlEN7siGqI3RGrY5oO3mt9HPNRyt-VMTXHItKk', '2022-10-10 11:30:32.603491'),
('wvbwdzml7vn27hdu61jamjmdvwuoy0mf', '.eJxVjEEOwiAQRe_C2hCYlgAu3XuGZpgZpGogKe3KeHdt0oVu_3vvv9SE21qmrcsyzazOagB1-h0T0kPqTviO9dY0tbouc9K7og_a9bWxPC-H-3dQsJdvPQoE5AiRRm8HAs8AwYnhjJDJu2wiSoQQrQzZMhOHlAzZ0XofXUD1_gAMQjhB:1orvaI:HcWAS1MSlOJ03PwjrxTM1jIY4H6oJCcg9k8EefJzoYU', '2022-11-21 11:56:14.555055'),
('wvk6itth83zfpvxuaqv8pvanm8n6xnh2', '.eJxVjDsOwjAQBe_iGllaJ_hDSc8ZrN31GgeQLcVJFXF3iJQC2jczb1MR16XEtcscp6QuCgZ1-h0J-Sl1J-mB9d40t7rME-ld0Qft-taSvK6H-3dQsJdvHWDMzOglA7KlMWNwgbwDZ9GNPhNlkgSWWZAIwmCNAck2mDOh86DeHz1qOTA:1oRRSb:adZsdikJxmBJ7kepUsUw5kjuzVsAyRDy6sbusOnxWgE', '2022-09-09 05:00:49.052888');
INSERT INTO `django_session` (`session_key`, `session_data`, `expire_date`) VALUES
('wvtvgxsoevq7ktmn4l07ypjnrogwvkn9', '.eJxVjEEOwiAQRe_C2hCYlgAu3XuGZpgZpGogKe3KeHdt0oVu_3vvv9SE21qmrcsyzazOagB1-h0T0kPqTviO9dY0tbouc9K7og_a9bWxPC-H-3dQsJdvPQoE5AiRRm8HAs8AwYnhjJDJu2wiSoQQrQzZMhOHlAzZ0XofXUD1_gAMQjhB:1oghdg:-0mXRze8DMTPP6Epn45ywXsuLJ3zZ6q9AD3bNgarMwY', '2022-10-21 12:49:20.870884'),
('wx811gpkvmrhc3kxotnphttj587pwpre', '.eJxVjMsOwiAQRf-FtSEOb1y67zeQAQapGkhKuzL-uzbpQrf3nHNfLOC21rANWsKc2YWBYaffMWJ6UNtJvmO7dZ56W5c58l3hBx186pme18P9O6g46rc-pyiL0Q5sAUGEmsChTcUISeAVRiKTSLniUWgo4LTWSRlJZH2MBdj7AxzvOKQ:1oT0Mc:GadiK2PHqf0gQ5kID5PIw4-w8rNFa-bu0HNIl2Wy0Io', '2022-09-13 12:29:06.347338'),
('x0d9z69smaci5kpbz9lhmg7e8kkj15d9', '.eJxVjEEOwiAQRe_C2hCYlgAu3XuGZpgZpGogKe3KeHdt0oVu_3vvv9SE21qmrcsyzazOagB1-h0T0kPqTviO9dY0tbouc9K7og_a9bWxPC-H-3dQsJdvPQoE5AiRRm8HAs8AwYnhjJDJu2wiSoQQrQzZMhOHlAzZ0XofXUD1_gAMQjhB:1ox637:Y5TmAhM4vce-ELeypDjwYQmpC7Fg8gbsv1X9onmpRrA', '2022-12-05 18:07:21.023193'),
('x16ref30oi1ttz1xzk8wzwcy1b1cbj6q', '.eJxVjEEOwiAQRe_C2hCYlgAu3XuGZpgZpGogKe3KeHdt0oVu_3vvv9SE21qmrcsyzazOagB1-h0T0kPqTviO9dY0tbouc9K7og_a9bWxPC-H-3dQsJdvPQoE5AiRRm8HAs8AwYnhjJDJu2wiSoQQrQzZMhOHlAzZ0XofXUD1_gAMQjhB:1oq6FA:DYQJEFXgmoLmYnnb7GlpmNNN_eyRC_3_5PN8SO1PtC4', '2022-11-16 10:54:52.850204'),
('x6vldazmafhaxonqqg7fyfyhv94vdkgq', '.eJxVjDsOwjAQBe_iGllaJ_hDSc8ZrN31GgeQLcVJFXF3iJQC2jczb1MR16XEtcscp6QuCgZ1-h0J-Sl1J-mB9d40t7rME-ld0Qft-taSvK6H-3dQsJdvHWDMzOglA7KlMWNwgbwDZ9GNPhNlkgSWWZAIwmCNAck2mDOh86DeHz1qOTA:1oRWyL:rCXlFDYL_GntttohcwCManxDP1FnSTr5kLp7IDtEWsg', '2022-09-09 10:53:57.684042'),
('x8i0y8zvm1swrolbu60328mugstxb9oc', '.eJxVjEEOwiAQRe_C2hCYlgAu3XuGZpgZpGogKe3KeHdt0oVu_3vvv9SE21qmrcsyzazOagB1-h0T0kPqTviO9dY0tbouc9K7og_a9bWxPC-H-3dQsJdvPQoE5AiRRm8HAs8AwYnhjJDJu2wiSoQQrQzZMhOHlAzZ0XofXUD1_gAMQjhB:1ol7Z4:j9GCMb7vn4amXwbck6LCWlhADyAi4OxYvrSr1XzUjus', '2022-11-02 17:18:50.599423'),
('xnh3d1m6mkzd0e35lso0efr1iy2zeb83', '.eJxVjEEOwiAQRe_C2hCYlgAu3XuGZpgZpGogKe3KeHdt0oVu_3vvv9SE21qmrcsyzazOagB1-h0T0kPqTviO9dY0tbouc9K7og_a9bWxPC-H-3dQsJdvPQoE5AiRRm8HAs8AwYnhjJDJu2wiSoQQrQzZMhOHlAzZ0XofXUD1_gAMQjhB:1okee6:LjPrRKha_pU-NnxUXGVZOhMFU5OliOLgd47GovddMXY', '2022-11-01 10:26:06.269263'),
('xsp0jttxmq99y43jk2j1nj0fmjfw1pf8', '.eJxVjEEOwiAQRe_C2hCYlgAu3XuGZpgZpGogKe3KeHdt0oVu_3vvv9SE21qmrcsyzazOagB1-h0T0kPqTviO9dY0tbouc9K7og_a9bWxPC-H-3dQsJdvPQoE5AiRRm8HAs8AwYnhjJDJu2wiSoQQrQzZMhOHlAzZ0XofXUD1_gAMQjhB:1ophz6:6k8AFJ_C8nUkRFW2ovI-CSVtFzWVbXvsTpNZ05VSKmc', '2022-11-15 09:00:40.175868'),
('xsslw4ubvvuz0fzokwvp7txjvhvuo6xf', '.eJxVjDsOwjAQBe_iGllaJ_hDSc8ZrN31GgeQLcVJFXF3iJQC2jczb1MR16XEtcscp6QuCgZ1-h0J-Sl1J-mB9d40t7rME-ld0Qft-taSvK6H-3dQsJdvHWDMzOglA7KlMWNwgbwDZ9GNPhNlkgSWWZAIwmCNAck2mDOh86DeHz1qOTA:1oR9Bs:PVvbeWt2LWDqa_ihlsqH502hqcBO3FDgjoaXuce6TrA', '2022-09-08 09:30:20.491875'),
('xu6lzh7vugjbug2bxjg3nkfjlwsod786', '.eJxVjEEOgjAQRe_StWksA3Tq0j1nIJ3OjKCmTSisjHdXEha6_e-9_zJj3NZp3Kos48zmYjo0p9-RYnpI3gnfY74Vm0pel5nsrtiDVjsUluf1cP8Oplinb-3QdeiCRweOmVLqNZBPfY8qgo5aAFJqGjg3rJ2qAEUfwAv6oOxb8_4ACH84XQ:1pCIEI:dBHdvXn2XSS99LiggasaPzBe-kGPgnEbSBSnOjKVcDM', '2023-01-16 16:09:42.218434'),
('xvyrbqs2tr9oulxellqf33fhwrjai9bu', '.eJxVjDsOwjAQBe_iGllaJ_hDSc8ZrN31GgeQLcVJFXF3iJQC2jczb1MR16XEtcscp6QuCgZ1-h0J-Sl1J-mB9d40t7rME-ld0Qft-taSvK6H-3dQsJdvHWDMzOglA7KlMWNwgbwDZ9GNPhNlkgSWWZAIwmCNAck2mDOh86DeHz1qOTA:1oSxzL:izL7qYloMmX9n8Ih8Hf6VhjVQyezqzY3vN7psx9i7es', '2022-09-13 09:56:55.238600'),
('xzspbwxpnkb0kwuvbpx1h30ztzjedmu4', '.eJxVjEEOwiAQRe_C2hCYlgAu3XuGZpgZpGogKe3KeHdt0oVu_3vvv9SE21qmrcsyzazOagB1-h0T0kPqTviO9dY0tbouc9K7og_a9bWxPC-H-3dQsJdvPQoE5AiRRm8HAs8AwYnhjJDJu2wiSoQQrQzZMhOHlAzZ0XofXUD1_gAMQjhB:1pDPFi:_T8dur6t6jrXPSiN435RjIj82rGFJVPEr8MttCJSO3M', '2023-01-19 17:51:46.209722'),
('y1voc4b8xs9pb5wfz3i2ub902p4u2zlg', '.eJxVjEEOgjAQRe_StWksA3Tq0j1nIJ3OjKCmTSisjHdXEha6_e-9_zJj3NZp3Kos48zmYjo0p9-RYnpI3gnfY74Vm0pel5nsrtiDVjsUluf1cP8Oplinb-3QdeiCRweOmVLqNZBPfY8qgo5aAFJqGjg3rJ2qAEUfwAv6oOxb8_4ACH84XQ:1ojDSr:KwWl2WIsqVd8SDrhXEM_adsooDJ4scAxbL6TIP9qSEs', '2022-10-28 11:12:33.237083'),
('y3pua3cehm00spmo68m80ebnqgw799pw', '.eJxVjEEOgjAQRe_StWksA3Tq0j1nIJ3OjKCmTSisjHdXEha6_e-9_zJj3NZp3Kos48zmYjo0p9-RYnpI3gnfY74Vm0pel5nsrtiDVjsUluf1cP8Oplinb-3QdeiCRweOmVLqNZBPfY8qgo5aAFJqGjg3rJ2qAEUfwAv6oOxb8_4ACH84XQ:1ogNWR:tF-3GKB5Uv0jM_I6r13Pvh0Eu4RRWqzVyNlGOvsN0ZU', '2022-10-20 09:50:31.338716'),
('yj4qlt6pe379pd4kssvyl1j6kgdifiw7', '.eJxVjEEOwiAQRe_C2hCYlgAu3XuGZpgZpGogKe3KeHdt0oVu_3vvv9SE21qmrcsyzazOagB1-h0T0kPqTviO9dY0tbouc9K7og_a9bWxPC-H-3dQsJdvPQoE5AiRRm8HAs8AwYnhjJDJu2wiSoQQrQzZMhOHlAzZ0XofXUD1_gAMQjhB:1pSFwx:NZ3oMAZ6NSSsI6uM8YKoLEgkYjGyF8EZXWZQodyNWlI', '2023-03-01 16:57:47.879239'),
('yjk8t7cvfann2v6g1iy3qnr77q3kswyr', '.eJxVjEEOwiAQRe_C2hCYlgAu3XuGZpgZpGogKe3KeHdt0oVu_3vvv9SE21qmrcsyzazOagB1-h0T0kPqTviO9dY0tbouc9K7og_a9bWxPC-H-3dQsJdvPQoE5AiRRm8HAs8AwYnhjJDJu2wiSoQQrQzZMhOHlAzZ0XofXUD1_gAMQjhB:1ofFxe:KorFfhgG4mWEqvuOcZLtq-27dkxIStfGYBaaUlagi-k', '2022-10-17 07:33:58.445211'),
('ymox8wiasdaj2xoy3yb81v363j3nkol2', '.eJxVjEEOwiAQRe_C2hCYlgAu3XuGZpgZpGogKe3KeHdt0oVu_3vvv9SE21qmrcsyzazOagB1-h0T0kPqTviO9dY0tbouc9K7og_a9bWxPC-H-3dQsJdvPQoE5AiRRm8HAs8AwYnhjJDJu2wiSoQQrQzZMhOHlAzZ0XofXUD1_gAMQjhB:1ockOl:QWS5kQaVOlOZgenvvEDYdrJ8FFpcUZ9KxDpoIeZObLk', '2022-10-10 09:27:35.631932'),
('ymxtsp1r0t1vbp52mvq1vdopgta3lxyi', '.eJxVjEEOwiAQRe_C2hCYlgAu3XuGZpgZpGogKe3KeHdt0oVu_3vvv9SE21qmrcsyzazOagB1-h0T0kPqTviO9dY0tbouc9K7og_a9bWxPC-H-3dQsJdvPQoE5AiRRm8HAs8AwYnhjJDJu2wiSoQQrQzZMhOHlAzZ0XofXUD1_gAMQjhB:1ox21W:nkxsmi7JyA1AxU5YIqnlN1wPuOFK0C0YVBJhNR5Xv3c', '2022-12-05 13:49:26.065443'),
('ynjbx3jk2b8ma4cklbpmuohuaraqthmp', '.eJxVjDsOwjAQBe_iGllaJ_hDSc8ZrN31GgeQLcVJFXF3iJQC2jczb1MR16XEtcscp6QuCgZ1-h0J-Sl1J-mB9d40t7rME-ld0Qft-taSvK6H-3dQsJdvHWDMzOglA7KlMWNwgbwDZ9GNPhNlkgSWWZAIwmCNAck2mDOh86DeHz1qOTA:1oRAtV:aBptoJj1QMBgTRJXtDplgPke9c4dij3C99lN2OfRLPQ', '2022-09-08 11:19:29.144149'),
('yrg5vkq7jotf63qwpxq73l3jkcvw8pj1', '.eJxVjDsOwjAQBe_iGllaJ_hDSc8ZrN31GgeQLcVJFXF3iJQC2jczb1MR16XEtcscp6QuCgZ1-h0J-Sl1J-mB9d40t7rME-ld0Qft-taSvK6H-3dQsJdvHWDMzOglA7KlMWNwgbwDZ9GNPhNlkgSWWZAIwmCNAck2mDOh86DeHz1qOTA:1oR9HS:uXqsH1ukvpRTtEaKNW75lfXPY0sf0jCTHyqrlTOjFj0', '2022-09-08 09:36:06.139380'),
('yrm1iszj51ewdnlq2j3o3egb8huurrg4', '.eJxVjEEOwiAQRe_C2hCYlgAu3XuGZpgZpGogKe3KeHdt0oVu_3vvv9SE21qmrcsyzazOagB1-h0T0kPqTviO9dY0tbouc9K7og_a9bWxPC-H-3dQsJdvPQoE5AiRRm8HAs8AwYnhjJDJu2wiSoQQrQzZMhOHlAzZ0XofXUD1_gAMQjhB:1oghUi:zFm4AeO5sIPmm1vgjhvAAEiY46hEotqt04pVutDLI38', '2022-10-21 12:40:04.741203'),
('ys9grw9g2budkv5c2n1n2sam8vhwx4yz', '.eJxVjEEOwiAQRe_C2hCYlgAu3XuGZpgZpGogKe3KeHdt0oVu_3vvv9SE21qmrcsyzazOagB1-h0T0kPqTviO9dY0tbouc9K7og_a9bWxPC-H-3dQsJdvPQoE5AiRRm8HAs8AwYnhjJDJu2wiSoQQrQzZMhOHlAzZ0XofXUD1_gAMQjhB:1p0zj8:2oQMcMmtrvFSILkoXDjYfzZBa8I4vX4HbT29B3C6ks8', '2022-12-16 12:10:50.752528'),
('ysjt59rsdrajnmgwxjvv95rsh8gzdmf3', '.eJxVjEEOwiAQRe_C2hCYlgAu3XuGZpgZpGogKe3KeHdt0oVu_3vvv9SE21qmrcsyzazOagB1-h0T0kPqTviO9dY0tbouc9K7og_a9bWxPC-H-3dQsJdvPQoE5AiRRm8HAs8AwYnhjJDJu2wiSoQQrQzZMhOHlAzZ0XofXUD1_gAMQjhB:1ockZg:HliG0PNyBL3SkUvE8sY9I-dqn96PlyEgj3iNT3lUiVI', '2022-10-10 09:38:52.721301'),
('yu8sljsw05s2252ry56hszp5ndc3w8dw', '.eJxVjEEOgjAQRe_StWksA3Tq0j1nIJ3OjKCmTSisjHdXEha6_e-9_zJj3NZp3Kos48zmYjo0p9-RYnpI3gnfY74Vm0pel5nsrtiDVjsUluf1cP8Oplinb-3QdeiCRweOmVLqNZBPfY8qgo5aAFJqGjg3rJ2qAEUfwAv6oOxb8_4ACH84XQ:1ojDaI:2uvf_zT_Y3ji0vNwAIWHMNNSqQPekdCbU2R4xicHB-0', '2022-10-28 11:20:14.906567'),
('yvtl2w6py7hq7ewacsm2oftohgnf2cc0', '.eJxVjEEOwiAQRe_C2hCYlgAu3XuGZpgZpGogKe3KeHdt0oVu_3vvv9SE21qmrcsyzazOagB1-h0T0kPqTviO9dY0tbouc9K7og_a9bWxPC-H-3dQsJdvPQoE5AiRRm8HAs8AwYnhjJDJu2wiSoQQrQzZMhOHlAzZ0XofXUD1_gAMQjhB:1oiqN5:D7cFylrEObL9F6i3Dyk8cfpzUWF8APaB0VqstcpZdFs', '2022-10-27 10:33:03.811686'),
('ywbansozhr8f2ms2v5vy7f102p14lzx4', '.eJxVjEEOwiAQRe_C2hCYlgAu3XuGZpgZpGogKe3KeHdt0oVu_3vvv9SE21qmrcsyzazOagB1-h0T0kPqTviO9dY0tbouc9K7og_a9bWxPC-H-3dQsJdvPQoE5AiRRm8HAs8AwYnhjJDJu2wiSoQQrQzZMhOHlAzZ0XofXUD1_gAMQjhB:1ock76:1qFJn4-3Cc-AOcZYv4ICZnLb_VcYPD1pEj6YihUYdjE', '2022-10-10 09:09:20.421420'),
('z1eyb9dzlcrt11i72oo71bx6vb5wv4b5', '.eJxVjEEOgjAQRe_StWksA3Tq0j1nIJ3OjKCmTSisjHdXEha6_e-9_zJj3NZp3Kos48zmYjo0p9-RYnpI3gnfY74Vm0pel5nsrtiDVjsUluf1cP8Oplinb-3QdeiCRweOmVLqNZBPfY8qgo5aAFJqGjg3rJ2qAEUfwAv6oOxb8_4ACH84XQ:1oljZ7:tImyXf3hQeCO2GRDd1CfdLUv5XuQjqGyh44fb6G_8lI', '2022-11-04 09:53:25.388275'),
('zbagqzy0hkcfjtf1avitfk2g2jb0ao46', '.eJxVjEEOwiAQRe_C2hCYlgAu3XuGZpgZpGogKe3KeHdt0oVu_3vvv9SE21qmrcsyzazOagB1-h0T0kPqTviO9dY0tbouc9K7og_a9bWxPC-H-3dQsJdvPQoE5AiRRm8HAs8AwYnhjJDJu2wiSoQQrQzZMhOHlAzZ0XofXUD1_gAMQjhB:1ontb4:vfLc7WFMoO-1Atxka6nP_UPBaFUnZi5vwzeIGKSEuAE', '2022-11-10 09:00:22.527990'),
('zddwwx2wn6jchjd8v6fb08c06e4ienhk', '.eJxVjEEOwiAQRe_C2hCYlgAu3XuGZpgZpGogKe3KeHdt0oVu_3vvv9SE21qmrcsyzazOagB1-h0T0kPqTviO9dY0tbouc9K7og_a9bWxPC-H-3dQsJdvPQoE5AiRRm8HAs8AwYnhjJDJu2wiSoQQrQzZMhOHlAzZ0XofXUD1_gAMQjhB:1olSWd:9umVoApg0oX9lpLJ7iqZtQXNvdOn5rM224Y6gp32Um4', '2022-11-03 15:41:43.499182'),
('zdgjw7lxexvxucvbeval0s2xxcjwtmww', '.eJxVjEEOwiAQRe_C2hCYlgAu3XuGZpgZpGogKe3KeHdt0oVu_3vvv9SE21qmrcsyzazOagB1-h0T0kPqTviO9dY0tbouc9K7og_a9bWxPC-H-3dQsJdvPQoE5AiRRm8HAs8AwYnhjJDJu2wiSoQQrQzZMhOHlAzZ0XofXUD1_gAMQjhB:1odsbH:NfEQfG7ECazmtIkRDQYqNb5DNzAJaXtZzjX2-Tweahc', '2022-10-13 12:25:11.992332'),
('zf6ga1g42cr68i51cmam76jyqvfpa83q', '.eJxVjEEOwiAQRe_C2hCYlgAu3XuGZpgZpGogKe3KeHdt0oVu_3vvv9SE21qmrcsyzazOagB1-h0T0kPqTviO9dY0tbouc9K7og_a9bWxPC-H-3dQsJdvPQoE5AiRRm8HAs8AwYnhjJDJu2wiSoQQrQzZMhOHlAzZ0XofXUD1_gAMQjhB:1ovE7Y:cn9qhlM8QXxoyqHvlJ45tKEfyXZADzjxXqF5-uG2ni0', '2022-11-30 14:20:12.869873'),
('zh04is3yuzsgryb21ipygyvmstuolb9u', '.eJxVjEEOwiAQRe_C2hCYlgAu3XuGZpgZpGogKe3KeHdt0oVu_3vvv9SE21qmrcsyzazOagB1-h0T0kPqTviO9dY0tbouc9K7og_a9bWxPC-H-3dQsJdvPQoE5AiRRm8HAs8AwYnhjJDJu2wiSoQQrQzZMhOHlAzZ0XofXUD1_gAMQjhB:1otLbz:Dkqt24gDdlseHX3LMZfp0BBBoASDOtOME7o5m6jj4rI', '2022-11-25 09:55:51.960410'),
('zj3skibzv4uxvnke68c3qagit02ira6k', '.eJxVjMEOgjAQRP-lZ9O0LHRbj975BrJ0txY1JaFwMv67kHDQ48x7M2810LbmYauyDBOrq_KoLr_lSPEp5SD8oHKfdZzLukyjPhR90qr7meV1O92_g0w172s0PlobHCFQ8uy5TdBJgtTyaEPgIA066iwA7jkG7wyya6JIQAMW1OcLB183nQ:1opm7S:VF1bV6RQgHrzRI2XTL3rlC5zP7ZCMVdakrKQFi9yYzw', '2022-11-15 13:25:34.764639'),
('zo7l35vfz4vxoi7pbewemy1hq692n46v', '.eJxVjEEOwiAQRe_C2hCYlgAu3XuGZpgZpGogKe3KeHdt0oVu_3vvv9SE21qmrcsyzazOagB1-h0T0kPqTviO9dY0tbouc9K7og_a9bWxPC-H-3dQsJdvPQoE5AiRRm8HAs8AwYnhjJDJu2wiSoQQrQzZMhOHlAzZ0XofXUD1_gAMQjhB:1oxKh4:AqT5OQ6A4eokxcEb0rAAYwkd7Ul0VCeJua0Bnghih18', '2022-12-06 09:45:34.486988'),
('zt5f19lyl8irecukqldgjgj1qc9dehon', '.eJxVjEEOwiAQRe_C2hCYlgAu3XuGZpgZpGogKe3KeHdt0oVu_3vvv9SE21qmrcsyzazOagB1-h0T0kPqTviO9dY0tbouc9K7og_a9bWxPC-H-3dQsJdvPQoE5AiRRm8HAs8AwYnhjJDJu2wiSoQQrQzZMhOHlAzZ0XofXUD1_gAMQjhB:1oVrqD:Nkx5L_rkyxZY4JNMaKVUSackdaub8E8XiwYgk3TAfM4', '2022-09-21 09:59:29.297014'),
('zwrzbah6zm4z7i93mtfqj5e9ysc7p7za', '.eJxVjEEOwiAQRe_C2hCYlgAu3XuGZpgZpGogKe3KeHdt0oVu_3vvv9SE21qmrcsyzazOagB1-h0T0kPqTviO9dY0tbouc9K7og_a9bWxPC-H-3dQsJdvPQoE5AiRRm8HAs8AwYnhjJDJu2wiSoQQrQzZMhOHlAzZ0XofXUD1_gAMQjhB:1oqogr:5DpkVK-ijG6Cqk_XI5Dwa1Ry1IckzboW0jwvEfhXueE', '2022-11-18 10:22:25.930076'),
('zzmda2i0c6l6dk36ytc6p6567a9jknmo', '.eJxVjEEOwiAQRe_C2hCYlgAu3XuGZpgZpGogKe3KeHdt0oVu_3vvv9SE21qmrcsyzazOagB1-h0T0kPqTviO9dY0tbouc9K7og_a9bWxPC-H-3dQsJdvPQoE5AiRRm8HAs8AwYnhjJDJu2wiSoQQrQzZMhOHlAzZ0XofXUD1_gAMQjhB:1p0LZn:XyYrAGFClc-nMvrIDzrOIywjz1IRoFzpb0JDHVJwLhs', '2022-12-14 17:18:31.572663');

-- --------------------------------------------------------

--
-- Table structure for table `iwater_archive_device`
--

--
-- Dumping data for table `iwater_archive_device`
--

INSERT INTO `iwater_archive_device` (`id`, `device_name1`, `serial_no1`, `device_name2`, `serial_no2`, `device_name3`, `serial_no3`, `site_id`) VALUES
(10, '0077', NULL, '0077', NULL, NULL, NULL, 10);

-- --------------------------------------------------------

--
-- Table structure for table `iwater_archive_site`
--
--
-- Dumping data for table `iwater_archive_site`
--

INSERT INTO `iwater_archive_site` (`id`, `site_name`, `address`, `city`, `state`, `phone`, `phone_verified`, `token_verified`, `status`, `alerts`, `created`, `is_treatment_unit`, `is_dispensing_unit`, `otp`, `otp_created`, `company_id`) VALUES
(10, 'new site 1', 'kochi', 'kakkanad', 'kerala', '+919539390192', 1, 0, 0, 0, '2022-11-07', 1, 0, NULL, '2022-11-07 12:19:30.850885', 21);

-- --------------------------------------------------------

--
-- Table structure for table `iwater_archive_site_permissions`
--


--
-- Dumping data for table `iwater_archive_site_permissions`
--

INSERT INTO `iwater_archive_site_permissions` (`id`, `created`, `site_id`, `user_id`) VALUES
(11, '2022-11-07', 10, 50),
(12, '2022-11-07', 10, 51);

-- --------------------------------------------------------

--
-- Table structure for table `iwater_company`
--

--
-- Dumping data for table `iwater_company`
--

INSERT INTO `iwater_company` (`id`, `company_name`, `gst_no`, `address1`, `address2`, `city`, `pincode`, `state`) VALUES
(2, 'metric', '365676', '', '', '', '', ''),
(5, 'MTL2', '78965412', '', '', '', '', ''),
(6, 'mtl33', '89652', '', '', '', '', ''),
(7, 'mtl', '545', '', '', '', '', ''),
(8, 'MTLA', '1230', '', '', '', '', ''),
(9, 'MTL12', '7896541', '', '', '', '', ''),
(10, 'MTL123', '123', '', '', '', '', ''),
(11, 'MTL01', '9874563210', '', '', '', '', ''),
(12, 'MTL02', '7896541', '', '', '', '', ''),
(13, 'Metrictreelabs', '700200800', '', '', '', '', ''),
(14, 'ABC Demo', 'AHYPJ3449L1Z', '', '', '', '', ''),
(15, 'metrictree', '66666', '', '', '', '', ''),
(20, 'tonyweb', '878687', '', '', '', '', ''),
(21, 'MTL cmpy', '', '9C, RAK Princeton', 'Marottichuvadu, edappally', 'Edappally', '682024', 'Kerala'),
(22, 'Initiative', 'hshhjka', '', '', '', '', ''),
(23, 'meterictr21211ee', '06BZAHM6385P6Z3', 'kochi', 'kochi', 'kochi', '685588', 'kerala'),
(24, 'MTL Akhil', '789654123015926', 'MTL Kochi 222', 'MTL area', 'kochi 22', '8520', 'kerala2'),
(25, 'Metric tree labs', '', 'Batrampady house ', '', 'kasaragod', '671321', 'kerala'),
(26, 'qwe', '012345678901234', 'kochi', 'kochi', 'kochi', '682030', 'kerala'),
(27, 'MTL', '', '9C, RAK Princeton', 'Marottichuvadu, edappally', 'Edappally', '682024', 'Kerala'),
(28, 'dbs', '123456789456789', 'pune', 'pune', 'pune', '435621', 'maharastra'),
(29, 'Initiative1', '789456123456789', 'pune', 'pune', 'pune', '456789', 'maharastra'),
(30, 'DJAK & Co', '', '9C, RAK Princeton', 'updated', 'Edappally', '682024', 'Kerala'),
(31, 'Initiative Jyoti', '456789456789123', 'pune', 'pune', 'pune', '456123', 'Maharastra'),
(32, 'Initiative', '745689123456124', 'pune', 'pune', 'pue', '123789', 'maharastra'),
(33, 'initiative', '456123789456123', 'pune', 'pune', 'pune', '456789', 'maharastra'),
(34, 'accdcmpny', '27AAPFU0939F1ZV', 'abc street', 'abc street', 'kochi', '690000', 'kerala'),
(35, 'DJAK & Co', '07AAGFF2194N1Z1', '9C, RAK Princeton', 'Marottichuvadu, edappally', 'Edappally', '682024', 'Kerala');

-- --------------------------------------------------------

--
-- Table structure for table `iwater_device`
--


--
-- Dumping data for table `iwater_device`
--

INSERT INTO `iwater_device` (`id`, `device_name1`, `serial_no1`, `device_name2`, `serial_no2`, `device_name3`, `serial_no3`, `site_id`) VALUES
(829, NULL, 'abcd0169', NULL, 'abcd0169', NULL, 'abcd0169', 169),
(830, NULL, 'abcd0171', NULL, '0171abcd', NULL, 'abcd0171', 171),
(832, NULL, 'abcd0172', NULL, 'abcd0172', NULL, 'abcd0172', 172),
(836, NULL, '1288adf4AR', NULL, 'fgdfdsfsd', NULL, 'ARd9sdfsd5328', 174),
(839, NULL, 'abcd5129', NULL, 'qwer6129', NULL, NULL, 177);

-- --------------------------------------------------------

--
-- Table structure for table `iwater_order`
--


--
-- Dumping data for table `iwater_order`
--

INSERT INTO `iwater_order` (`id`, `amount`, `payment_status`, `provider_order_id`, `payment_id`, `signature_id`, `paid_on`, `paid_user_id`, `company_id`) VALUES
(16, 2424, 'Pending', 'order_KQmL8zWa8Qvz4K', '', '', '2022-10-07 11:43:32.315001', 32, NULL),
(17, 2424, 'Pending', 'order_KQmWyZMXxUMpFj', '', '', '2022-10-07 11:54:44.382425', 32, NULL),
(18, 2424, 'Pending', 'order_KQmZMRJUo2s9GJ', '', '', '2022-10-07 11:57:00.509639', 32, NULL),
(19, 2424, 'Pending', 'order_KQmbhVCDIboo22', '', '', '2022-10-07 11:59:12.739531', 32, NULL),
(20, 2424, 'Pending', 'order_KQmcH8rLnvWojS', '', '', '2022-10-07 11:59:45.394917', 32, NULL),
(26, 2424, 'Pending', 'order_KQmlzvLXH0bnf8', '', '', '2022-10-07 12:08:57.615886', 32, NULL),
(27, 3636, 'Pending', 'order_KQmnD4XksQGj00', '', '', '2022-10-07 12:10:06.476055', 32, NULL),
(28, 3636, 'Pending', 'order_KQn0CFBQFyZtOK', '', '', '2022-10-07 12:22:24.166014', 32, NULL),
(30, 242400, 'Pending', 'order_KQn6WqwAWqidIz', '', '', '2022-10-07 12:28:23.806239', 32, NULL),
(32, 202000, 'Pending', 'order_KQnCuS5awzyort', '', '', '2022-10-07 12:34:26.220002', 32, NULL),
(33, 202000, 'Pending', 'order_KQnFrry4cGuayZ', '', '', '2022-10-07 12:37:14.260103', 32, NULL),
(34, 101000, 'Pending', 'order_KQnJgt9G9yck4d', '', '', '2022-10-07 12:40:51.385021', 32, 21),
(35, 101000, 'Pending', 'order_KQnP1GMuHd3WMu', '', '', '2022-10-07 12:45:54.052254', 32, NULL),
(36, 121200, 'Pending', 'order_KQoATXuvZRxDji', '', '', '2022-10-07 13:30:49.577852', 32, NULL),
(37, 121200, 'Pending', 'order_KQom6aWSQTjv8M', '', '', '2022-10-07 14:06:27.013396', 32, NULL),
(38, 121200, 'Pending', 'order_KQp5W5Ce3jjC5M', '', '', '2022-10-07 14:24:49.555352', 32, NULL),
(39, 121200, 'Pending', 'order_KQpEWlKWPzRaPC', '', '', '2022-10-07 14:33:21.348881', 32, NULL),
(40, 121200, 'Pending', 'order_KQptWbk4990f7O', '', '', '2022-10-07 15:12:10.079394', 32, NULL),
(41, 121200, 'Pending', 'order_KQqXyZuyKwYTuv', '', '', '2022-10-07 15:50:27.900201', 32, NULL),
(42, 121200, 'Pending', 'order_KQqrmysh4tiFS1', '', '', '2022-10-07 16:09:13.097142', 32, NULL),
(43, 121200, 'Pending', 'order_KQqxBaKjk6fROv', '', '', '2022-10-07 16:14:19.612450', 32, NULL),
(44, 121200, 'Pending', 'order_KQrcsCCoJw8Rbo', '', '', '2022-10-07 16:53:47.505888', 32, NULL),
(45, 121200, 'Success', 'order_KQsDyd6LpWLHwM', 'pay_KQsEFnvRPr78s2', 'ce37efa9882c63773e775fdb256b52c4e4efaf0be3cca307d8d55d9897eb3f18', '2022-10-07 17:28:54.975512', 32, NULL),
(46, 121200, 'Failure', 'order_KQt0Ym9l4k0omg', 'pay_KQt0sCU1zwH0qT', '3ee2db380878a2e43a71ba9e445e45e4b7f3554c8e9e920e93c2369f56a076bb', '2022-10-07 18:14:54.528296', 32, NULL),
(47, 121200, 'Failure', 'order_KQt1oZvqlrEmSb', 'pay_KQt24YRtMsoIRo', '50d65791040264bcf07f7e86402277aafa73aecf34cc9e65518f188852f10623', '2022-10-07 18:16:05.881625', 32, NULL),
(48, 121200, 'Pending', 'order_KQvfJ2OrTqUad6', 'pay_KQvgNkp1eqKw6Z', '22093148855eb4e93ed02f8d2d40c0cba1ef2c2d1025b090414c907be26876bc', '2022-10-07 20:50:52.145382', 32, NULL),
(49, 121200, 'Pending', 'order_KQvmXjWpAAUbex', '', '', '2022-10-07 20:57:43.170429', 32, NULL),
(50, 121200, 'Success', 'order_KQvsk6PyHuQTyK', 'pay_KQvt3qucyMdrhm', 'c4fd5091b2eb08737491615d153ef6a635866aace3e994d6d722dd5a5be0537a', '2022-10-07 21:03:35.291886', 32, NULL),
(51, 121200, 'Success', 'order_KQw0KTe2PfhHHP', 'pay_KQw0coi21GJ2uM', '6de9d4c03e82557d716a3709fd04579b83d604596780df172015cdb037454509', '2022-10-07 21:10:46.248518', 32, 21),
(52, 121200, 'Success', 'order_KQw6KrdNhP4wet', 'pay_KQw6bUVll7SECL', '4966f5c6160c333a6cb43e47670870c6e79e25807cecfd49c6560c1cb4f95639', '2022-10-07 21:16:27.388246', 32, NULL),
(53, 121200, 'Success', 'order_KQwKGSXcTvNMY7', 'pay_KQwKaLzEZVPWtW', '2abb67605495a8a60942e23ad296fd505b795513f71cfb7c11fec725052e8f3e', '2022-10-07 21:29:38.607732', 32, NULL),
(54, 121200, 'Failure', 'order_KQwPcp53AOSgWA', 'pay_KQwPq6OXxIr0hH', 'fffc65f25d68ca084143eb6cbf8cd58d8688665b11d770ebea9b4bc330122998', '2022-10-07 21:34:43.045707', 32, NULL),
(55, 121200, 'Failure', 'order_KQwRHZ8uaJz7RN', 'pay_KQwRe7QWFjtxDm', '224e436ff0204dd9f34e2aebc67c05cdf972c6b7a795e28b52d3f90ffa9f6ce1', '2022-10-07 21:36:17.154942', 32, NULL),
(56, 121200, 'Success', 'order_KQwiUZGkZQKojg', 'pay_KQwiqQ2oJAyRxC', '969ebe0eaf0b77e12d285bfdad8b7869b8aa2b9975729e9c43f84a9a48ea5561', '2022-10-07 21:52:34.682972', 32, NULL),
(57, 121200, 'Success', 'order_KQwr769m3wg1v7', 'pay_KQwrQiAUXOoERa', 'fc2ca43b0e20a59996d6fdcd51bd84417f6d65e303cf99b7a299c36638c4a3e0', '2022-10-07 22:00:44.394338', 32, NULL),
(58, 121200, 'Success', 'order_KQwtgPeZNyltVM', 'pay_KQwtvX0IhAiMkh', 'c0f272564e4e963206d03bddc9959939d1030b1a7c59ffa5041912ca57426b7f', '2022-10-07 22:03:10.339350', 32, NULL),
(59, 121200, 'Pending', 'order_KRDVcG4msbWIGk', '', '', '2022-10-08 14:18:10.838159', 32, NULL),
(60, 101000, 'Pending', 'order_KRDbc4uXXyHWcc', '', '', '2022-10-08 14:23:51.416557', 32, NULL),
(61, 121200, 'Pending', 'order_KSKo7oEvZ7yeER', '', '', '2022-10-11 10:05:33.529411', 32, NULL),
(62, 121200, 'Pending', 'order_KSolQddZh0pfub', '', '', '2022-10-12 15:23:48.804806', 32, NULL),
(63, 101000, 'Pending', 'order_KSqsJSuV4etCyN', '', '', '2022-10-12 17:27:43.053671', 32, NULL),
(64, 121200, 'Pending', 'order_KSqzb0qvoDcYPS', '', '', '2022-10-12 17:34:36.714881', 32, NULL),
(65, 121200, 'Success', 'order_KSr00vpqIWauiP', 'pay_KSr0nyMoVD3ha4', '6d6b095173bdd573c1d13768d244104dc8b7e6b6b99a07fe7a34e858f176dc82', '2022-10-12 17:35:00.488162', 32, NULL),
(66, 121200, 'Success', 'order_KT8ANEkLlvbJmU', 'pay_KT8AcZImqpMunK', 'd4064f590d69a354d94a634dbe9c82715924dccaa8b86d60591af70a505a9c0b', '2022-10-13 10:22:36.393476', 32, NULL),
(67, 121200, 'Pending', 'order_KTEInwURAiGGmA', '', '', '2022-10-13 16:22:44.890970', 32, NULL),
(68, 121200, 'Pending', 'order_KTEKXQ2lWetliu', '', '', '2022-10-13 16:24:23.373012', 32, NULL),
(69, 121200, 'Pending', 'order_KTEKkLaHPNuoAl', '', '', '2022-10-13 16:24:35.259424', 32, NULL),
(70, 121200, 'Pending', 'order_KTEMiSWm6IF6Oq', '', '', '2022-10-13 16:26:27.078471', 32, NULL),
(71, 121200, 'Success', 'order_KTENPlZ3CuW5o2', 'pay_KTENje6KnR8Q3C', 'b0d7726087dc19e087abceb6f3a583229f1484c8122da621d5a228537667fa81', '2022-10-13 16:27:06.780335', 32, NULL),
(72, 121200, 'Success', 'order_KTEOC6CLhokpJZ', 'pay_KTEOJtzhUtkTFj', 'a707934751faddcbf6aeca4513106c8b8bc32304b3e77acc86d90ed7d22a6838', '2022-10-13 16:27:51.027402', 32, NULL),
(73, 101000, 'Success', 'order_KTEOmLMnKWouXH', 'pay_KTEOroTT7gBWwv', 'f111eb23482d17ca2dc1ef8f2c76de61e7061ea219a7937c1ec921936949cd7d', '2022-10-13 16:28:24.243520', 32, NULL),
(74, 121200, 'Success', 'order_KV9P0MwK5dEY63', 'pay_KV9P9VWDsvcuTv', 'b9f28d0fc9360b5d21cf205919ccaf6677bc9227bfb15b52214c3c6b2584be94', '2022-10-18 12:53:09.205268', 32, 21),
(75, 242400, 'Success', 'order_KVZLxNXmsTcQ5s', 'pay_KVZM48KyazZFhD', 'fd4bc55cdecab157716f16881b272554b45aab4b30066ca3b2ca57dd1a2c9627', '2022-10-19 14:16:18.042079', 32, 21),
(76, 242400, 'Pending', 'order_KVvxyN0iizjbgC', '', '', '2022-10-20 12:23:32.899006', 32, NULL),
(77, 242400, 'Success', 'order_KYkCzmfBBrMKOw', 'pay_KYkF6oZS68Tux1', 'e1280809b91b2fbbb3c00c20267875806a2152496f80aeeb3bc4223916ba8d17', '2022-10-27 14:50:27.197005', 32, 21),
(78, 121200, 'Success', 'order_KaeEPSMXYHdyL1', 'pay_KaeETFj6gSY25c', '15e489fba4f484db8029a0ed46b069ada64bd4f6cef2f79af0112a5086723328', '2022-11-01 10:17:38.009862', 32, 21),
(79, 121200, 'Success', 'order_KahJvEC3ixkYJa', 'pay_KahKPjUlCL99Sl', '1242aa03a3bda733d90cf6d082597837c86ead3731e95f5c12c3296d2b4ce465', '2022-11-01 13:18:55.965338', 32, 21),
(80, 121200, 'Pending', 'order_KchEfIryjZhKpt', '', '', '2022-11-06 14:31:57.570423', 32, NULL),
(81, 121200, 'Success', 'order_KchPcSfl2P2quY', 'pay_KchQfmOGwGeY0q', '89295e94599d04ee54de5f0e3bfe29adfdbad4e230c01128b705e8238a78eb90', '2022-11-06 14:42:19.758591', 32, 21),
(82, 101000, 'Success', 'order_KeJdlJJvnSWSdt', 'pay_KeJdqpjHDTqWCz', 'd19bceb90e9093054aa94bc98aaf839c2841204afec1ae4d7b28355f93ac995a', '2022-11-10 16:45:04.536859', 32, 21),
(83, 121200, 'Pending', 'order_Ked2fHPQpxamEV', '', '', '2022-11-11 11:43:49.701656', 32, NULL),
(84, 121200, 'Success', 'order_Ked4kCrRLGKmb5', 'pay_Ked4nxw8BS67NM', 'b66b67f5b36718ae878358a7f81996b1d49c6ff146a8ba638c8f47d23f176c2e', '2022-11-11 11:45:47.793766', 32, 21),
(85, 101000, 'Pending', 'order_KfneLzVudyjw9s', '', '', '2022-11-14 10:45:26.717904', 32, NULL),
(86, 101000, 'Pending', 'order_KfnetWgZWgQQgG', '', '', '2022-11-14 10:45:57.411595', 32, NULL),
(87, 121200, 'Success', 'order_KkBGwqRE1TKkYC', 'pay_KkBHtrKjY3OLd0', 'b716fd85c53bd17ccc6e7f994c2f6b77821b2bea5a2d79fd6749e731e75e4d4d', '2022-11-25 12:27:56.392156', 91, 21),
(88, 101000, 'Pending', 'order_KmyQd8unjxnpJS', '', '', '2022-12-02 13:51:05.654516', 32, NULL),
(89, 101000, 'Pending', 'order_Ko6a4NxdpWpSIr', '', '', '2022-12-05 10:28:34.850095', 32, NULL),
(90, 101000, 'Pending', 'order_L4pfd7bnlwJQ3Y', '', '', '2023-01-16 16:59:05.030379', 32, NULL),
(91, 242400, 'Pending', 'order_L8NzDbnfYLWNwO', '', '', '2023-01-25 16:30:13.301325', 32, NULL);

-- --------------------------------------------------------

--
-- Table structure for table `iwater_price`
--
--
-- Dumping data for table `iwater_price`
--

INSERT INTO `iwater_price` (`id`, `dispensing_price`, `treatment_price`, `dispensing_tax`, `treatment_tax`) VALUEScreate
(1, '1000', '1200', '10', '12');

-- --------------------------------------------------------

--
-- Table structure for table `iwater_site`
--

--
-- Dumping data for table `iwater_site`
--

INSERT INTO `iwater_site` (`id`, `site_name`, `address`, `city`, `state`, `phone`, `status`, `alerts`, `created`, `is_treatment_unit`, `is_dispensing_unit`, `phone_verified`, `company_id`, `otp`, `otp_created`, `token_verified`) VALUES
(169, 'BhartiSite', 'pune', 'pune', 'maharastra', '+917887364033', 0, 0, '2022-11-25', 1, 1, 1, 21, '7894', '2022-12-02 10:48:23.756709', 1),
(171, 'BhartiSite1', 'pune', 'pune', 'maharastra', '+917038746330', 0, 0, '2022-11-25', 1, 1, 1, 21, NULL, '2022-11-25 13:37:50.427827', 1),
(172, 'SiteBharti2', 'pune', 'pune', 'pune', '+919607007015', 0, 0, '2022-11-25', 1, 1, 1, 21, NULL, '2022-11-25 14:03:46.889813', 1),
(173, 'dfd', 'fdf', 'dfdf', 'dfdf', '+9109874563210', 1, 0, '2022-11-30', 0, 0, 1, 21, NULL, '2022-11-30 10:04:34.732667', 0),
(174, 'abcd', 'dmfmd', 'asdfjjd', 'asjdhdjs', '+919895203267', 0, 0, '2022-12-02', 1, 1, 1, 21, NULL, '2022-12-02 10:52:49.627532', 1),
(176, 'Dummy ', '9C, RAK Princeton', 'Edappally', 'Kerala', '+917594871701', 1, 0, '2023-02-01', 0, 0, 1, 35, NULL, '2023-02-01 17:55:56.824164', 0),
(177, 'dfdf', 'dfd', 'dfdd', 'dfdf', '+919874563210', 0, 0, '2023-02-16', 1, 0, 1, 21, NULL, '2023-02-16 15:56:47.070371', 1);

-- --------------------------------------------------------

--
-- Table structure for table `iwater_sitecopy`
--


-- --------------------------------------------------------

--
-- Table structure for table `iwater_site_permissions`

--
-- Dumping data for table `iwater_site_permissions`
--

INSERT INTO `iwater_site_permissions` (`id`, `created`, `site_id`, `user_id`) VALUES
(236, '2022-11-25', 169, 79),
(237, '2022-11-25', 171, 79),
(238, '2022-11-25', 172, 79),
(239, '2022-12-02', 174, 63),
(240, '2022-12-02', 174, 79),
(241, '2023-02-16', 177, 63);

-- --------------------------------------------------------

--
-- Table structure for table `iwater_subscription`
--


--
-- Dumping data for table `iwater_subscription`
--

INSERT INTO `iwater_subscription` (`id`, `is_treatment_unit`, `is_dispensing_unit`, `created`, `valid_till`, `days_to_expire`, `no_of_sites`, `assigned_sites`, `unassigned_sites`, `last_paid`, `total_paid`, `data_transfer_volume`, `no_of_actions`, `subscription_code`, `site_id`, `company_id`, `expired`, `order_id`) VALUES
(102, 1, 0, '2022-11-25', '2022-11-26', -83, 0, 0, 0, '0.00', '0.00', 0, 0, NULL, 169, 21, 1, NULL),
(103, 1, 1, '2022-11-25', '2022-11-28', -81, 0, 0, 0, '0.00', '1200.00', 0, 0, '21_171_2022-11-25_2022-11-28', 171, 21, 1, 87),
(104, 1, 0, '2022-11-25', '2022-11-26', -83, 0, 0, 0, '0.00', '0.00', 0, 0, NULL, 172, 21, 1, NULL),
(105, 0, 1, '2022-11-25', '2022-11-26', -83, 0, 0, 0, '0.00', '0.00', 0, 0, NULL, 172, 21, 1, NULL),
(106, 0, 1, '2022-11-25', '2022-11-26', -83, 0, 0, 0, '0.00', '0.00', 0, 0, NULL, 169, 21, 1, NULL),
(107, 0, 1, '2022-11-25', '2022-11-26', -83, 0, 0, 0, '0.00', '0.00', 0, 0, NULL, 169, 21, 1, NULL),
(108, 0, 1, '2022-11-25', '2022-11-26', -83, 0, 0, 0, '0.00', '0.00', 0, 0, NULL, 169, 21, 1, NULL),
(109, 0, 1, '2022-11-25', '2022-11-26', -83, 0, 0, 0, '0.00', '0.00', 0, 0, NULL, 169, 21, 1, NULL),
(110, 0, 1, '2022-11-25', '2022-11-26', -83, 0, 0, 0, '0.00', '0.00', 0, 0, NULL, 169, 21, 1, NULL),
(111, 0, 1, '2022-11-25', '2022-11-26', -83, 0, 0, 0, '0.00', '0.00', 0, 0, NULL, 169, 21, 1, NULL),
(112, 0, 1, '2022-11-25', '2022-11-26', -83, 0, 0, 0, '0.00', '0.00', 0, 0, NULL, 169, 21, 1, NULL),
(113, 0, 1, '2022-11-25', '2022-11-26', -83, 0, 0, 0, '0.00', '0.00', 0, 0, NULL, 169, 21, 1, NULL),
(114, 1, 0, '2022-12-02', '2022-12-03', -76, 0, 0, 0, '0.00', '0.00', 0, 0, NULL, 174, 21, 1, NULL),
(115, 0, 1, '2022-12-02', '2022-12-03', -76, 0, 0, 0, '0.00', '0.00', 0, 0, NULL, 174, 21, 1, NULL),
(116, 1, 0, '2023-02-16', '2023-02-17', 0, 0, 0, 0, '0.00', '0.00', 0, 0, NULL, 177, 21, 1, NULL);

-- --------------------------------------------------------

--
-- Table structure for table `iwater_user`
--



--
-- Dumping data for table `iwater_user`
--

INSERT INTO `iwater_user` (`id`, `password`, `last_login`, `username`, `phone`, `email`, `avatar`, `site_limit`, `date_joined`, `is_admin`, `is_supervisor`, `is_operator`, `is_active`, `company_id`, `email_verified`, `token`, `token_created`, `is_super_admin`, `invite_link_expired`, `added_by_id`, `otp`, `otp_created`, `phone_verified`, `invite_rejected`) VALUES
(31, 'pbkdf2_sha256$320000$2sxhYJUeEMfB3NsVzKMJYb$v4U3rHJFgthm8OhvpElZeQdf3NvNmcdPQFSusDGjSJ4=', '2022-11-09 15:34:55.535228', 'tonyfromweb', '9539390197', 'tony.joy2.tm@gmail.com', '', 0, '2022-09-02', 1, 0, 0, 1, 20, 1, 'bb3zef-de3d4937a6200c2dbdc3a9b365e7425e', '2022-09-02 05:32:39.586802', 0, 0, NULL, NULL, '2022-10-13 13:12:14.107337', 0, 0),
(32, 'pbkdf2_sha256$320000$em7PI7z91z6NXa2lBzSGwZ$EiKu8GJLjr5rjZZLivLbe9qEngmc/+XlF7ViiMb8wug=', '2023-02-17 18:33:53.654931', 'Akhil Rajan', '+919847705976', 'akhilrajan@metrictreelabs.com', '', 0, '2022-09-02', 0, 0, 0, 1, 21, 1, 'bh52pt-4b76741f6cce851d4ca596991dce52eb', '2022-12-28 11:03:29.737955', 1, 0, NULL, '314227', '2022-11-24 14:37:44.428839', 1, 0),
(34, 'pbkdf2_sha256$320000$s9qHDuAIBgZB6gl6EK98Hi$hAMWMgdqfrusb3J0NNHwW+JTZajPqrvugM57y9KkKmA=', NULL, 'tonysupervisor2', '9539390192', 'tony2@metrictreelabs.com', 'media/Screenshot_from_2022-07-25_21-09-04_NQ7Kwlz.png', 0, '2022-09-02', 0, 1, 0, 1, 20, 1, 'bb41sm-2f063f7dfd2dfb25f6844df320d86e92', '2022-09-02 06:24:22.191948', 0, 0, NULL, NULL, '2022-10-13 13:12:14.107337', 0, 0),
(37, 'pbkdf2_sha256$320000$0wGElnbeScb3tDZRNl7Ps9$YXDVfcISrIJP/SqRcLghMmw8XoJNMKTNDF4pyYxZpGU=', '2022-09-26 10:27:00.578330', 'Sunil Pandey', '9545554187', 'sunilpandey@initiativewater.com', '', 0, '2022-09-05', 1, 0, 0, 1, 22, 1, 'bb9g4y-31a2f27076996c0ec886766486d28adc', '2022-09-05 04:22:10.632504', 0, 0, NULL, NULL, '2022-10-13 13:12:14.107337', 0, 0),
(38, '!sFuFBBxJlszW2kzd6lLxLQOAHp8h725bAS0f5ian', NULL, 'Test21', '8075952370', 'nineeshk@gmail.com', 'images/entry-side-view.jpeg', 0, '2022-09-06', 0, 1, 0, 1, 20, 0, 'bbbr5z-dab3e7a4b015a7bd474613aa832ccf23', '2022-09-06 10:15:35.269623', 0, 1, NULL, NULL, '2022-10-13 13:12:14.107337', 0, 0),
(47, '!Zhzr81ub3sBeTNoScuWx8vufdk2007fElkySQJzQ', NULL, 'tony operator', '6346363', 'tony.joy.tm2@gmail.com', 'images/Screenshot_from_2022-07-25_21-09-04.png', 0, '2022-09-12', 0, 0, 1, 1, 20, 0, 'bbn1p9-bc0b7aed9baf7e860acf7b4d35a5bbff', '2022-09-12 12:36:46.043094', 0, 1, NULL, NULL, '2022-10-13 13:12:14.107337', 0, 0),
(49, '!SkzXx1Hqb4V1uq3qt1Mp9ptAApyzDVT7fkmTigeM', NULL, 'tony operator2', '9539390190', 'tony3@metrictreelabs.com', 'images/Screenshot_from_2022-07-25_21-09-04.png', 0, '2022-09-13', 0, 0, 1, 1, 20, 1, 'bboiw8-f786378dae49f674e2d68395fc47af62', '2022-09-13 07:45:44.331795', 0, 0, NULL, NULL, '2022-10-13 13:12:14.107337', 0, 0),
(50, '!EOfygTOoyPzaAyAojlYiB0sWlBxc4gnuKYultjnp', NULL, 'supervisor 2', '6546546', 'tony22@metrictreelabs.com', 'images/Screenshot_from_2022-07-25_21-09-04_qCOoAQq.png', 0, '2022-09-13', 0, 1, 0, 1, 20, 1, 'bboixs-b8e48a6f78e09793d553d581865e26e9', '2022-09-13 07:46:40.432079', 0, 0, NULL, NULL, '2022-10-13 13:12:14.107337', 0, 0),
(51, '!cySUMQzYWeakKa3lQwGQ9H9LCMiywldOzOZRv6Rf', NULL, 'operator 2', '6464646', 'tony@gmail.com', 'images/Screenshot_from_2022-07-25_21-09-04_RgHG7aw.png', 0, '2022-09-13', 0, 0, 1, 1, 20, 1, 'bboiyy-542851c1a981e9fed787fe705c46c849', '2022-09-13 07:47:22.742371', 0, 0, NULL, NULL, '2022-10-13 13:12:14.107337', 0, 0),
(53, '!Zd9LX9pYdeF3AMCc6zUWJrh3MOFY7z3mdgqHaSnT', NULL, 'joy2', '+919539390113', 't11ony@metrictreelabs.com', '', 0, '2022-09-22', 0, 0, 0, 1, 23, 0, 'bc554o-734f04019253bea2a2caf36d434955fd', '2022-09-22 07:07:36.514482', 1, 1, NULL, NULL, '2022-10-13 13:12:14.107337', 0, 0),
(54, '!UKngqo0WoqRVyLr0oYxFmOQkmefj1UaRy4oMHiwL', NULL, 'tonyoperatornew', '+919539390192', 'tonyoper@gmail.com', 'media/download_1_2qs4kG0.jfif', 0, '2022-09-23', 0, 0, 1, 1, 21, 0, 'bej29k-8a2989d4df0950c74964c4c29bac95e7', '2022-11-07 16:39:20.362908', 0, 1, 32, NULL, '2022-10-13 13:12:14.107337', 0, 0),
(58, 'pbkdf2_sha256$320000$3Sg4OBWIfV1LAbRctokYlH$6d4cr+jopFDjdARhC5sRoQeqLD3jx58XBRqoaQwePQg=', '2023-01-19 21:53:06.299320', 'Akhil Rajan 2', '+91919847512000', 'akhilrajan9592@gmail.com', '', 0, '2022-09-30', 0, 0, 0, 1, 24, 1, 'bcv9nc-9375b71f85413b6bcafb1ce3a81852e5', '2022-10-06 09:42:48.860334', 1, 0, NULL, NULL, '2022-10-13 13:12:14.107337', 0, 0),
(60, '!SLw3NwyLmRF6Pix7HOAtYxlHMHdtJE0OUx5oJNdT', NULL, 'new tony', '+911234567890', 'tonynew@gmail.com', 'media/Screenshot_from_2022-07-25_21-09-04_WfjW2pA.png', 0, '2022-10-03', 0, 1, 0, 1, 21, 0, 'bej2pk-184a9b715e7773d0646e08b4c4c57ea7', '2022-11-07 16:48:56.169095', 0, 1, 32, NULL, '2022-10-13 13:12:14.107337', 0, 0),
(63, 'pbkdf2_sha256$320000$DzkeAEr9Peyll5g8amgObG$vPNhMd0K4kOr9lQtcOTFdt13mWYnBsYkMsNIqOSvVX0=', NULL, 'akhil', '+919632587410', 'akhil.pentagon123@gmail.com', 'media/download_1_ak8cY9H.jfif', 0, '2022-10-06', 0, 1, 0, 1, 21, 1, 'bcuw2c-3f4a0ed76d3ae2ed866008d21bde4160', '2022-10-06 04:49:25.745449', 0, 0, 32, NULL, '2022-10-13 13:12:14.107337', 0, 0),
(70, 'pbkdf2_sha256$320000$CtOfrg4HBSeDCbAFfz9XmP$paw5oA3PAbypLwWXyxSuseZfs01rPQUijlAoHqQnlSw=', '2022-10-14 14:49:49.325872', 'akhil suppp', '+919874563210', 'akhilrajan.techintl@gmail.com', 'media/contact_9Oujyx2.jpg', 0, '2022-10-14', 0, 1, 0, 1, 24, 1, 'bdaf1h-a357df73bc51a0f953ad0937f6f64a32', '2022-10-14 14:03:17.882455', 0, 0, 58, '681322', '2023-01-13 16:02:52.883960', 1, 0),
(72, 'pbkdf2_sha256$320000$50sEVM2YjyW84f0cZtNbiT$8d+nfpupKlok0NKERFmMCKvWKeW8KJ1ZecukKxRIebI=', NULL, 'Akhil adm', '+919123456987', 'akhilrajan7478@gmail.com', 'media/bodyback.jpg', 0, '2022-10-21', 1, 0, 0, 1, 24, 1, 'bdn2ba-ca7c3a99135e1ce597413168d5ada491', '2022-10-21 09:57:10.198232', 0, 0, 58, NULL, '2022-10-21 09:56:51.467118', 1, 0),
(73, '!HQVV3TrpyIzQI8jnqWlAoeRopSAbaOiA9j28sUjn', NULL, 'Ajith', '+919895203267', 'ajith@metrrictreelabs.com', '', 0, '2022-10-27', 0, 0, 0, 1, 25, 0, 'bdybmp-eaddbf224867a70f95ace18f56059fa3', '2022-10-27 11:52:02.899937', 1, 1, NULL, NULL, '2022-10-27 11:52:01.012558', 0, 0),
(74, '!IQjTgjnrnVV49NAPpQpeS1jcnryoRQMRFgnW5c4o', NULL, 'tonyadmin', '+919539390191', 'tony@metrictreelabs.com', '', 0, '2022-10-28', 0, 0, 0, 1, 26, 0, 'be00vn-6d01c929c0c836059428773fe1c3b238', '2022-10-28 09:55:00.941599', 1, 1, NULL, NULL, '2022-10-28 09:54:59.361162', 0, 0),
(75, '!bPSWfJtdRYggQS4h28Vn7wVGfzLhbmKCzbDAsYLu', NULL, 'anurrop', '+919658744444', 'anuroop@metrictreelabs.com', 'media/newsletter_TJSJPe8.jpg', 0, '2022-10-31', 0, 1, 0, 1, 21, 0, 'be5n7l-c8513e76c4538387d5f56bf181f7a5da', '2022-10-31 10:45:22.319849', 0, 1, 32, NULL, '2022-10-31 10:45:21.032462', 0, 0),
(76, 'pbkdf2_sha256$320000$H4hsruvOAHeUuCUR9RywXR$XCqQ5WbwHc6T2oDegFifyt1IpAZCmDKeBe2roos/2PY=', '2022-10-31 11:01:05.373641', 'John Mathew', '+916238903365', 'john@metrictreelabs.com', '', 0, '2022-10-31', 0, 0, 0, 1, 27, 1, 'be5nwa-4825e5f354fb47dd28d1a801bceffe20', '2022-10-31 11:00:10.603412', 1, 0, NULL, NULL, '2022-10-31 10:59:55.468603', 1, 0),
(79, 'pbkdf2_sha256$320000$pki1c2IBpIjoRHvLc2j4KM$4XYi/h/7pgCdLq23Ia8w43WUZo/9JK4xf/XY1mchTYI=', '2022-11-02 18:03:40.236461', 'Akash', '+917350681820', 'rakashjadhav1820@gmail.com', 'media/download_2_UwZT8jV.jfif', 0, '2022-11-01', 0, 1, 0, 1, 21, 1, 'be7l0d-0c6bcfd1b3d34f0502cc7930d010f645', '2022-11-01 11:53:02.923153', 0, 0, 32, NULL, '2022-11-01 11:53:01.415138', 0, 0),
(85, 'pbkdf2_sha256$320000$S3yRqsWRFgxeMEbTIUVqjY$BfC9PakGbKHVraosejHEsqrLaEKqtdwpTD367b4ivkI=', '2022-11-01 12:23:16.647951', 'ADMINISTRATOR', '+918075935357', 'daliya+iwadmin@metrictreelabs.com', '', 0, '2022-11-01', 0, 0, 0, 1, 30, 1, 'be7lzl-db55d6f4dabcf5c1263f05cbf9e77a71', '2022-11-01 12:14:09.371774', 1, 0, NULL, NULL, '2022-11-01 12:10:31.990222', 1, 0),
(88, '', '2023-01-31 12:01:05.480274', 'daliya ', '+917594871701', 'daliya@metrictreelabs.com', 'media/contact_RkAILEh.jpg', 0, '2022-11-04', 1, 0, 0, 1, 21, 0, 'bej2pz-64d412342d0e0a8cfec430d72f3a799f', '2022-11-07 16:49:11.471394', 0, 1, 32, NULL, '2023-01-31 12:00:47.329832', 1, 0),
(89, '', '2022-11-07 10:49:48.228629', 'akhil inv', '+919847705955', 'akhil.pentagon@gmail.com', 'media/bodyback_NJqgXM3.jpg', 0, '2022-11-07', 1, 0, 0, 1, 21, 0, 'beik0u-efe445c78999c520c2efabbb507c764a', '2022-11-07 10:05:18.418151', 0, 1, 32, '787735', '2023-01-14 20:41:00.409395', 1, 0),
(90, '', '2022-11-07 11:24:17.508375', 'anuroopppp', '+919188423564', '', 'media/2.69mb.jpg', 0, '2022-11-07', 1, 1, 0, 1, 21, 0, 'bffvmt-0ddefbe7d7590a8b97ea3ea2a969fb93', '2022-11-25 09:56:53.780129', 0, 1, 32, NULL, '2022-11-07 11:24:03.789390', 1, 0),
(91, '', '2022-11-25 09:54:13.679163', 'bhartimn', '+917038746330', NULL, 'media/2.46mb.jpg', 0, '2022-11-09', 1, 0, 0, 1, 21, 0, 'bffurg-ea76ddefde8e35860a989fb960902d99', '2022-11-25 09:38:04.672520', 0, 1, 32, NULL, '2022-11-25 09:53:54.941067', 1, 0),
(94, '', NULL, 'Jyoticmn', '+919763654924', NULL, '', 0, '2022-11-09', 0, 0, 0, 1, 31, 0, 'bem9wh-67468c3b3167608f4284ca62e1937a62', '2022-11-09 10:17:05.585433', 1, 1, NULL, NULL, '2022-11-09 10:17:05.138377', 0, 0),
(95, '', NULL, 'jyoticmail', NULL, 'jmalusare96@gmail.com', '', 0, '2022-11-09', 0, 0, 0, 1, 32, 0, 'bembca-65f2ba215089446fcf1e98b5eb38e247', '2022-11-09 10:48:10.297079', 1, 1, NULL, NULL, '2022-11-09 10:48:09.398088', 0, 0),
(96, 'pbkdf2_sha256$320000$hLOhgKI2b63gO8q4DGKr5T$7btugujUbTbL9h9KuiPy9S2uYxnpyZMMnS+OWvfCHAw=', '2022-11-09 11:21:38.883380', 'jyoticmm', NULL, 'initiative_pcb@initiativewater.com', '', 0, '2022-11-09', 0, 0, 0, 1, 33, 1, 'bemcmb-e300e9253db826d39ffec4889b9be1af', '2022-11-09 11:15:47.576025', 1, 0, NULL, NULL, '2022-11-09 11:15:46.669515', 0, 0),
(97, '', NULL, 'abcc', NULL, 'abcd@gmail.com', '', 0, '2022-11-17', 0, 0, 0, 1, 34, 0, 'bf1mn2-35fb9112e9d62fdb3f38f1b127d050ac', '2022-11-17 17:16:14.054850', 1, 1, NULL, NULL, '2022-11-17 17:16:12.837665', 0, 0),
(98, '', NULL, 'Bharti', '+917887364033', NULL, 'media/baby.jpg', 0, '2022-11-25', 0, 1, 0, 1, 21, 0, 'bft5a3-f15324061f63c028945f25e423e9450d', '2022-12-02 13:54:03.836258', 0, 1, 91, NULL, '2022-11-25 09:58:39.254306', 1, 0),
(99, 'pbkdf2_sha256$320000$Jqr5f8CRddMBe57WXGPikI$PZpUc5+6b2X1PBTDZbaoSiAjnoHH0PqUToAMQy+GezM=', '2023-02-01 17:55:10.484624', 'Alok Silestine', NULL, 'daliyajak@gmail.com', '', 0, '2023-02-01', 0, 0, 0, 1, 35, 1, 'biyf0q-56625fc8a361ca58f5550e7519719890', '2023-02-01 17:53:14.880228', 1, 0, NULL, NULL, '2023-02-01 17:53:13.089609', 0, 0);




INSERT INTO `authtoken_token` (`key`, `created`, `user_id`) VALUES
('10e4ffd49033afbb3b3b8ad5674f2e0d3f597e6f', '2023-02-01 17:55:10.622929', 99),
('45e9bd2905b4936d17094536986763dcb3ff1940', '2022-11-25 09:54:13.714329', 91),
('60e659e9fa8962135cc392cd10ca0234557e3511', '2022-11-29 13:02:18.279815', 58),
('e01c426781b19a8ce228e364c9d5480bb27df65e', '2022-11-24 14:36:41.722125', 32),
('e3c065aa86a0c0496a3b451d1bfa097a870edba2', '2023-01-31 12:01:05.512575', 88);




-- --------------------------------------------------------

--
-- Table structure for table `iwater_user_groups`
--


-- --------------------------------------------------------

--
-- Table structure for table `iwater_user_user_permissions`
--


--
-- Indexes for dumped tables
--

--
-- Indexes for table `authtoken_token`
--
ALTER TABLE `authtoken_token`
  ADD PRIMARY KEY (`key`),
  ADD UNIQUE KEY `user_id` (`user_id`);

--
-- Indexes for table `auth_group`
--
ALTER TABLE `auth_group`
  ADD PRIMARY KEY (`id`),
  ADD UNIQUE KEY `name` (`name`);

--
-- Indexes for table `auth_group_permissions`
--
ALTER TABLE `auth_group_permissions`
  ADD PRIMARY KEY (`id`),
  ADD UNIQUE KEY `auth_group_permissions_group_id_permission_id_0cd325b0_uniq` (`group_id`,`permission_id`),
  ADD KEY `auth_group_permissio_permission_id_84c5c92e_fk_auth_perm` (`permission_id`);

--
-- Indexes for table `auth_permission`
--
ALTER TABLE `auth_permission`
  ADD PRIMARY KEY (`id`),
  ADD UNIQUE KEY `auth_permission_content_type_id_codename_01ab375a_uniq` (`content_type_id`,`codename`);

--
-- Indexes for table `django_admin_log`
--
ALTER TABLE `django_admin_log`
  ADD PRIMARY KEY (`id`),
  ADD KEY `django_admin_log_content_type_id_c4bce8eb_fk_django_co` (`content_type_id`),
  ADD KEY `django_admin_log_user_id_c564eba6_fk_iwater_user_id` (`user_id`);

--
-- Indexes for table `django_content_type`
--
ALTER TABLE `django_content_type`
  ADD PRIMARY KEY (`id`),
  ADD UNIQUE KEY `django_content_type_app_label_model_76bd3d3b_uniq` (`app_label`,`model`);

--
-- Indexes for table `django_migrations`
--
ALTER TABLE `django_migrations`
  ADD PRIMARY KEY (`id`);

--
-- Indexes for table `django_session`
--
ALTER TABLE `django_session`
  ADD PRIMARY KEY (`session_key`),
  ADD KEY `django_session_expire_date_a5c62663` (`expire_date`);

--
-- Indexes for table `iwater_archive_device`
--
ALTER TABLE `iwater_archive_device`
  ADD PRIMARY KEY (`id`),
  ADD UNIQUE KEY `device_name1` (`device_name1`),
  ADD UNIQUE KEY `serial_no1` (`serial_no1`),
  ADD UNIQUE KEY `device_name2` (`device_name2`),
  ADD UNIQUE KEY `serial_no2` (`serial_no2`),
  ADD UNIQUE KEY `device_name3` (`device_name3`),
  ADD UNIQUE KEY `serial_no3` (`serial_no3`),
  ADD UNIQUE KEY `site_id` (`site_id`);

--
-- Indexes for table `iwater_archive_site`
--
ALTER TABLE `iwater_archive_site`
  ADD PRIMARY KEY (`id`),
  ADD UNIQUE KEY `phone` (`phone`),
  ADD UNIQUE KEY `iwater_archive_site_site_name_company_id_7c6f5da5_uniq` (`site_name`,`company_id`),
  ADD KEY `iwater_archive_site_company_id_8358ebfa_fk_iwater_company_id` (`company_id`);

--
-- Indexes for table `iwater_archive_site_permissions`
--
ALTER TABLE `iwater_archive_site_permissions`
  ADD PRIMARY KEY (`id`),
  ADD UNIQUE KEY `iwater_archive_site_permissions_user_id_site_id_d20650c0_uniq` (`user_id`,`site_id`),
  ADD KEY `iwater_archive_site__site_id_124b2388_fk_iwater_ar` (`site_id`);

--
-- Indexes for table `iwater_company`
--
ALTER TABLE `iwater_company`
  ADD PRIMARY KEY (`id`),
  ADD UNIQUE KEY `iwater_company_company_name_pincode_gst_no_27e00157_uniq` (`company_name`,`pincode`,`gst_no`);

--
-- Indexes for table `iwater_device`
--
ALTER TABLE `iwater_device`
  ADD PRIMARY KEY (`id`),
  ADD UNIQUE KEY `device_name1` (`device_name1`),
  ADD UNIQUE KEY `serial_no1` (`serial_no1`),
  ADD UNIQUE KEY `device_name2` (`device_name2`),
  ADD UNIQUE KEY `serial_no2` (`serial_no2`),
  ADD UNIQUE KEY `device_name3` (`device_name3`),
  ADD UNIQUE KEY `serial_no3` (`serial_no3`),
  ADD UNIQUE KEY `iwater_device_site_id_9a151742_uniq` (`site_id`);

--
-- Indexes for table `iwater_order`
--
ALTER TABLE `iwater_order`
  ADD PRIMARY KEY (`id`),
  ADD KEY `iwater_order_paid_user_id_6f488f92_fk_iwater_user_id` (`paid_user_id`),
  ADD KEY `iwater_order_company_id_b56ba7cf_fk_iwater_company_id` (`company_id`);

--
-- Indexes for table `iwater_price`
--
ALTER TABLE `iwater_price`
  ADD PRIMARY KEY (`id`);

--
-- Indexes for table `iwater_site`
--
ALTER TABLE `iwater_site`
  ADD PRIMARY KEY (`id`),
  ADD UNIQUE KEY `iwater_site_site_name_company_id_94f71e26_uniq` (`site_name`,`company_id`),
  ADD UNIQUE KEY `iwater_site_phone_8f29da4f_uniq` (`phone`),
  ADD KEY `iwater_site_company_id_120e6620_fk_iwater_company_id` (`company_id`);

--
-- Indexes for table `iwater_sitecopy`
--
ALTER TABLE `iwater_sitecopy`
  ADD PRIMARY KEY (`id`),
  ADD UNIQUE KEY `site_name` (`site_name`),
  ADD KEY `iwater_sitecopy_company_id_290e1601_fk_iwater_company_id` (`company_id`);

--
-- Indexes for table `iwater_site_permissions`
--
ALTER TABLE `iwater_site_permissions`
  ADD PRIMARY KEY (`id`),
  ADD UNIQUE KEY `iwater_site_permissions_user_id_site_id_c68f50d7_uniq` (`user_id`,`site_id`),
  ADD KEY `iwater_site_permissions_site_id_0eab621f_fk_iwater_site_id` (`site_id`);

--
-- Indexes for table `iwater_subscription`
--
ALTER TABLE `iwater_subscription`
  ADD PRIMARY KEY (`id`),
  ADD KEY `iwater_subscription_site_id_076ad370_fk_iwater_site_id` (`site_id`),
  ADD KEY `iwater_subscription_company_id_9966ad1e_fk_iwater_company_id` (`company_id`),
  ADD KEY `iwater_subscription_order_id_3e53b475_fk_iwater_order_id` (`order_id`);

--
-- Indexes for table `iwater_user`
--
ALTER TABLE `iwater_user`
  ADD PRIMARY KEY (`id`),
  ADD UNIQUE KEY `username` (`username`),
  ADD UNIQUE KEY `iwater_user_phone_2dee092c_uniq` (`phone`),
  ADD UNIQUE KEY `email` (`email`),
  ADD KEY `iwater_user_company_id_f09bcdc4_fk_iwater_company_id` (`company_id`),
  ADD KEY `iwater_user_added_by_id_d51a6bbe_fk_iwater_user_id` (`added_by_id`);

--
-- Indexes for table `iwater_user_groups`
--
ALTER TABLE `iwater_user_groups`
  ADD PRIMARY KEY (`id`),
  ADD UNIQUE KEY `iwater_user_groups_user_id_group_id_c3beb7a1_uniq` (`user_id`,`group_id`),
  ADD KEY `iwater_user_groups_group_id_1b67ca59_fk_auth_group_id` (`group_id`);

--
-- Indexes for table `iwater_user_user_permissions`
--
ALTER TABLE `iwater_user_user_permissions`
  ADD PRIMARY KEY (`id`),
  ADD UNIQUE KEY `iwater_user_user_permissions_user_id_permission_id_a809822c_uniq` (`user_id`,`permission_id`),
  ADD KEY `iwater_user_user_per_permission_id_1fb9600a_fk_auth_perm` (`permission_id`);

--
-- AUTO_INCREMENT for dumped tables
--

--
-- AUTO_INCREMENT for table `auth_group`
--
ALTER TABLE `auth_group`
  MODIFY `id` int NOT NULL AUTO_INCREMENT;

--
-- AUTO_INCREMENT for table `auth_group_permissions`
--
ALTER TABLE `auth_group_permissions`
  MODIFY `id` bigint NOT NULL AUTO_INCREMENT;

--
-- AUTO_INCREMENT for table `auth_permission`
--
ALTER TABLE `auth_permission`
  MODIFY `id` int NOT NULL AUTO_INCREMENT, AUTO_INCREMENT=77;

--
-- AUTO_INCREMENT for table `django_admin_log`
--
ALTER TABLE `django_admin_log`
  MODIFY `id` int NOT NULL AUTO_INCREMENT;

--
-- AUTO_INCREMENT for table `django_content_type`
--
ALTER TABLE `django_content_type`
  MODIFY `id` int NOT NULL AUTO_INCREMENT, AUTO_INCREMENT=20;

--
-- AUTO_INCREMENT for table `django_migrations`
--
ALTER TABLE `django_migrations`
  MODIFY `id` bigint NOT NULL AUTO_INCREMENT, AUTO_INCREMENT=64;

--
-- AUTO_INCREMENT for table `iwater_archive_device`
--
ALTER TABLE `iwater_archive_device`
  MODIFY `id` bigint NOT NULL AUTO_INCREMENT, AUTO_INCREMENT=11;

--
-- AUTO_INCREMENT for table `iwater_archive_site`
--
ALTER TABLE `iwater_archive_site`
  MODIFY `id` bigint NOT NULL AUTO_INCREMENT, AUTO_INCREMENT=11;

--
-- AUTO_INCREMENT for table `iwater_archive_site_permissions`
--
ALTER TABLE `iwater_archive_site_permissions`
  MODIFY `id` bigint NOT NULL AUTO_INCREMENT, AUTO_INCREMENT=13;

--
-- AUTO_INCREMENT for table `iwater_company`
--
ALTER TABLE `iwater_company`
  MODIFY `id` bigint NOT NULL AUTO_INCREMENT, AUTO_INCREMENT=36;

--
-- AUTO_INCREMENT for table `iwater_device`
--
ALTER TABLE `iwater_device`
  MODIFY `id` bigint NOT NULL AUTO_INCREMENT, AUTO_INCREMENT=840;

--
-- AUTO_INCREMENT for table `iwater_order`
--
ALTER TABLE `iwater_order`
  MODIFY `id` bigint NOT NULL AUTO_INCREMENT, AUTO_INCREMENT=92;

--
-- AUTO_INCREMENT for table `iwater_price`
--
ALTER TABLE `iwater_price`
  MODIFY `id` bigint NOT NULL AUTO_INCREMENT, AUTO_INCREMENT=2;

--
-- AUTO_INCREMENT for table `iwater_site`
--
ALTER TABLE `iwater_site`
  MODIFY `id` bigint NOT NULL AUTO_INCREMENT, AUTO_INCREMENT=178;

--
-- AUTO_INCREMENT for table `iwater_sitecopy`
--
ALTER TABLE `iwater_sitecopy`
  MODIFY `id` bigint NOT NULL AUTO_INCREMENT;

--
-- AUTO_INCREMENT for table `iwater_site_permissions`
--
ALTER TABLE `iwater_site_permissions`
  MODIFY `id` bigint NOT NULL AUTO_INCREMENT, AUTO_INCREMENT=242;

--
-- AUTO_INCREMENT for table `iwater_subscription`
--
ALTER TABLE `iwater_subscription`
  MODIFY `id` bigint NOT NULL AUTO_INCREMENT, AUTO_INCREMENT=117;

--
-- AUTO_INCREMENT for table `iwater_user`
--
ALTER TABLE `iwater_user`
  MODIFY `id` bigint NOT NULL AUTO_INCREMENT, AUTO_INCREMENT=100;

--
-- AUTO_INCREMENT for table `iwater_user_groups`
--
ALTER TABLE `iwater_user_groups`
  MODIFY `id` bigint NOT NULL AUTO_INCREMENT;

--
-- AUTO_INCREMENT for table `iwater_user_user_permissions`
--
ALTER TABLE `iwater_user_user_permissions`
  MODIFY `id` bigint NOT NULL AUTO_INCREMENT;

--
-- Constraints for dumped tables
--

--
-- Constraints for table `authtoken_token`
--
ALTER TABLE `authtoken_token`
  ADD CONSTRAINT `authtoken_token_user_id_35299eff_fk_iwater_user_id` FOREIGN KEY (`user_id`) REFERENCES `iwater_user` (`id`);

--
-- Constraints for table `auth_group_permissions`
--
ALTER TABLE `auth_group_permissions`
  ADD CONSTRAINT `auth_group_permissio_permission_id_84c5c92e_fk_auth_perm` FOREIGN KEY (`permission_id`) REFERENCES `auth_permission` (`id`),
  ADD CONSTRAINT `auth_group_permissions_group_id_b120cbf9_fk_auth_group_id` FOREIGN KEY (`group_id`) REFERENCES `auth_group` (`id`);

--
-- Constraints for table `auth_permission`
--
ALTER TABLE `auth_permission`
  ADD CONSTRAINT `auth_permission_content_type_id_2f476e4b_fk_django_co` FOREIGN KEY (`content_type_id`) REFERENCES `django_content_type` (`id`);

--
-- Constraints for table `django_admin_log`
--
ALTER TABLE `django_admin_log`
  ADD CONSTRAINT `django_admin_log_content_type_id_c4bce8eb_fk_django_co` FOREIGN KEY (`content_type_id`) REFERENCES `django_content_type` (`id`),
  ADD CONSTRAINT `django_admin_log_user_id_c564eba6_fk_iwater_user_id` FOREIGN KEY (`user_id`) REFERENCES `iwater_user` (`id`);

--
-- Constraints for table `iwater_archive_device`
--
ALTER TABLE `iwater_archive_device`
  ADD CONSTRAINT `iwater_archivedevice_site_id_b2373012_fk_iwater_archive_site_id` FOREIGN KEY (`site_id`) REFERENCES `iwater_archive_site` (`id`);

--
-- Constraints for table `iwater_archive_site`
--
ALTER TABLE `iwater_archive_site`
  ADD CONSTRAINT `iwater_archive_site_company_id_8358ebfa_fk_iwater_company_id` FOREIGN KEY (`company_id`) REFERENCES `iwater_company` (`id`);

--
-- Constraints for table `iwater_archive_site_permissions`
--
ALTER TABLE `iwater_archive_site_permissions`
  ADD CONSTRAINT `iwater_archive_site__site_id_124b2388_fk_iwater_ar` FOREIGN KEY (`site_id`) REFERENCES `iwater_archive_site` (`id`),
  ADD CONSTRAINT `iwater_archive_site__user_id_25c6ac16_fk_iwater_us` FOREIGN KEY (`user_id`) REFERENCES `iwater_user` (`id`);

--
-- Constraints for table `iwater_device`
--
ALTER TABLE `iwater_device`
  ADD CONSTRAINT `iwater_device_site_id_9a151742_fk_iwater_site_id` FOREIGN KEY (`site_id`) REFERENCES `iwater_site` (`id`);

--
-- Constraints for table `iwater_order`
--
ALTER TABLE `iwater_order`
  ADD CONSTRAINT `iwater_order_company_id_b56ba7cf_fk_iwater_company_id` FOREIGN KEY (`company_id`) REFERENCES `iwater_company` (`id`),
  ADD CONSTRAINT `iwater_order_paid_user_id_6f488f92_fk_iwater_user_id` FOREIGN KEY (`paid_user_id`) REFERENCES `iwater_user` (`id`);

--
-- Constraints for table `iwater_site`
--
ALTER TABLE `iwater_site`
  ADD CONSTRAINT `iwater_site_company_id_120e6620_fk_iwater_company_id` FOREIGN KEY (`company_id`) REFERENCES `iwater_company` (`id`);

--
-- Constraints for table `iwater_sitecopy`
--
ALTER TABLE `iwater_sitecopy`
  ADD CONSTRAINT `iwater_sitecopy_company_id_290e1601_fk_iwater_company_id` FOREIGN KEY (`company_id`) REFERENCES `iwater_company` (`id`);

--
-- Constraints for table `iwater_site_permissions`
--
ALTER TABLE `iwater_site_permissions`
  ADD CONSTRAINT `iwater_site_permissions_site_id_0eab621f_fk_iwater_site_id` FOREIGN KEY (`site_id`) REFERENCES `iwater_site` (`id`),
  ADD CONSTRAINT `iwater_site_permissions_user_id_8a98a567_fk_iwater_user_id` FOREIGN KEY (`user_id`) REFERENCES `iwater_user` (`id`);

--
-- Constraints for table `iwater_subscription`
--
ALTER TABLE `iwater_subscription`
  ADD CONSTRAINT `iwater_subscription_company_id_9966ad1e_fk_iwater_company_id` FOREIGN KEY (`company_id`) REFERENCES `iwater_company` (`id`),
  ADD CONSTRAINT `iwater_subscription_order_id_3e53b475_fk_iwater_order_id` FOREIGN KEY (`order_id`) REFERENCES `iwater_order` (`id`),
  ADD CONSTRAINT `iwater_subscription_site_id_076ad370_fk_iwater_site_id` FOREIGN KEY (`site_id`) REFERENCES `iwater_site` (`id`);

--
-- Constraints for table `iwater_user`
--
ALTER TABLE `iwater_user`
  ADD CONSTRAINT `iwater_user_added_by_id_d51a6bbe_fk_iwater_user_id` FOREIGN KEY (`added_by_id`) REFERENCES `iwater_user` (`id`),
  ADD CONSTRAINT `iwater_user_company_id_f09bcdc4_fk_iwater_company_id` FOREIGN KEY (`company_id`) REFERENCES `iwater_company` (`id`);

--
-- Constraints for table `iwater_user_groups`
--
ALTER TABLE `iwater_user_groups`
  ADD CONSTRAINT `iwater_user_groups_group_id_1b67ca59_fk_auth_group_id` FOREIGN KEY (`group_id`) REFERENCES `auth_group` (`id`),
  ADD CONSTRAINT `iwater_user_groups_user_id_1b4cb10c_fk_iwater_user_id` FOREIGN KEY (`user_id`) REFERENCES `iwater_user` (`id`);

--
-- Constraints for table `iwater_user_user_permissions`
--
ALTER TABLE `iwater_user_user_permissions`
  ADD CONSTRAINT `iwater_user_user_per_permission_id_1fb9600a_fk_auth_perm` FOREIGN KEY (`permission_id`) REFERENCES `auth_permission` (`id`),
  ADD CONSTRAINT `iwater_user_user_permissions_user_id_ce54a2af_fk_iwater_user_id` FOREIGN KEY (`user_id`) REFERENCES `iwater_user` (`id`);
COMMIT;

/*!40101 SET CHARACTER_SET_CLIENT=@OLD_CHARACTER_SET_CLIENT */;
/*!40101 SET CHARACTER_SET_RESULTS=@OLD_CHARACTER_SET_RESULTS */;
/*!40101 SET COLLATION_CONNECTION=@OLD_COLLATION_CONNECTION */;
